id,name,constituency,term_start,term_end,party,byelection,notes,clean_name,stream
17146,"Constance, Countess MARKIEVICZ","Dublin, St Patrick's",1918-12-14,1922-11-15,SF,False,Did not take seat,constancemarkievicz,1
16515,"Nancy, Viscountess ASTOR, CH","Plymouth, Sutton",1919-11-15,1945-07-05,Con,True,,nancyastor,2
19548,Mrs Margaret WINTRINGHAM,"Lincolnshire, Louth",1921-09-22,1924-10-29,Lib,True,,margaretwintringham,3
18763,Mrs Mabel PHILIPSON,Berwick-upon-Tweed,1923-05-31,1929-05-30,Con,True,,mabelphilipson,1
16518,"Katharine, Duchess of ATHOLL, DBE","Perth & Kinross, Kinross & Western",1923-12-06,1938-01-01,Con,False,,katharineduchessofatholl,4
16708,"Rt Hon Margaret BONDFIELD, CH",Northampton,1923-12-06,1924-10-29,Lab,False,(First woman Cabinet Minister),margaretbondfield,5
17937,Miss Dorothea JEWSON,Norwich,1923-12-06,1924-10-29,Lab,False,,dorotheajewson,6
21022,Miss Arabella Susan LAWRENCE,"East Ham, North",1923-12-06,1924-10-29,Lab,False,,arabellasusanlawrence,7
19283,Lady Vera TERRINGTON,"Buckinghamshire, Wycombe",1923-12-06,1924-10-29,Lib,False,,veraterrington,8
22504,Rt Hon Ellen WILKINSON,"Middlesbrough, East",1924-10-29,1931-10-27,Lab,False,,ellenwilkinson,3
16708,"Rt Hon Margaret BONDFIELD, CH",Wallsend,1926-01-01,1931-10-27,Lab,True,(First woman Cabinet Minister),margaretbondfield,5
21022,Miss Arabella Susan LAWRENCE,"East Ham, North",1926-01-01,1931-10-27,Lab,True,,arabellasusanlawrence,6
17911,"Gwendolen, Countess of IVEAGH, CBE",Southend-on-Sea,1927-11-19,1935-11-14,Con,True,,gwendolenofiveagh,7
18988,Hilda RUNCIMAN (later Viscountess),"Cornwall, St Ives",1928-03-06,1929-05-30,Lib,True,,hildarunciman,8
17125,Mrs Florence DALTON,"Durham, Bishop Auckland",1929-02-07,1929-05-30,Lab,True,,florencedalton,9
21937,Rt Hon Miss Jennie LEE (Mrs A Bevan),"Lanarkshire, Northern",1929-03-21,1931-10-27,Lab,True,,jennielee,10
16621,Dr Ethel BENTHAM,"Islington, East",1929-05-30,1931-10-27,Lab,False,,ethelbentham,1
21408,"Mrs Mary HAMILTON,",Blackburn,1929-05-30,1931-10-27,Lab,False,,maryhamilton,8
22029,Lady Megan LLOYD GEORGE,Anglesey,1929-05-30,1951-10-25,Lib,False,,meganlloydgeorge,9
18523,Lady Cynthia MOSLEY,"Stoke-on-Trent, Stoke",1929-05-30,1931-10-27,Lab,False,,cynthiamosley,11
21406,Dr Marion PHILLIPS,Sunderland,1929-05-30,1931-10-27,Lab,False,,marionphillips,12
18771,"Miss Edith PICTON-TURBERVILL, OBE","Shropshire, The Wrekin",1929-05-30,1931-10-27,Lab,False,,edithpictonturbervill,13
21770,Miss Eleanor RATHBONE,Combined English Universities,1929-05-30,1946-01-01,Ind,False,,eleanorrathbone,14
18613,Lady Lucy NOEL-BUXTON,"Norfolk, North",1930-07-09,1931-10-27,Lab,True,,lucynoelbuxton,15
18316,Mrs Leah MANNING,"Islington, East",1931-02-19,1931-10-27,Lab,True,,leahmanning,16
17968,"Mrs Thelma CAZALET-KEIR, CBE","Islington, East",1931-10-27,1945-07-05,Con,False,,thelmacazaletkeir,1
17041,Mrs Ida COPELAND,"Stoke-on-Trent, Stoke",1931-10-27,1935-11-14,Con,False,,idacopeland,3
21164,Miss Marjorie GRAVES,"Hackney, South",1931-10-27,1935-11-14,Con,False,,marjoriegraves,5
17841,Rt Hon Dame Florence HORSBURGH,Dundee,1931-10-27,1945-07-05,Con,False,(First woman to move the Address in reply to the King's speech),florencehorsburgh,6
18769,"The Hon Mary PICKFORD, CBE","Hammersmith, North",1931-10-27,1934-01-01,Con,False,,marypickford,8
18990,"Mrs Norah RUNGE, OBE","Bermondsey, Rotherhithe",1931-10-27,1935-11-14,Con,False,,norahrunge,10
21249,"Mrs Helen SHAW, MBE","Lanarkshire, Bothwell",1931-10-27,1935-11-14,Con,False,,helenshaw,11
19266,Mrs Mavis TATE,"Willesden, West",1931-10-27,1935-11-14,Con,False,,mavistate,12
21905,"Dame Irene WARD, CH",Wallsend,1931-10-27,1945-07-05,Con,False,,ireneward,13
21512,Mrs Sarah WARD,"Staffordshire, Cannock",1931-10-27,1935-11-14,Con,False,,sarahward,15
22504,Rt Hon Ellen WILKINSON,Jarrow,1935-11-14,1947-01-01,Lab,False,,ellenwilkinson,3
19266,Mrs Mavis TATE,"Somerset, Frome",1935-11-14,1945-07-05,Con,False,,mavistate,5
22505,"Frances, Viscountess DAVIDSON","Hertfordshire, Hemel Hempstead",1937-06-22,1959-10-08,Con,True,,francesdavidson,7
20978,Mrs Agnes HARDIE,"Glasgow, Springburn",1937-09-07,1945-07-05,Lab,True,,agneshardie,8
19241,"Rt Hon Dr Edith SUMMERSKILL, CH",Fulham,1938-04-06,1955-05-26,Lab,True,,edithsummerskill,4
14190,Mrs Jennie ADAMSON,Dartford,1938-11-07,1945-07-05,Lab,True,,jennieadamson,10
19657,Mrs Beatrice WRIGHT,"Cornwall, Bodmin",1941-03-11,1945-07-05,Con,True,,beatricewright,11
16489,"Lady Violet APSLEY,","Bristol, Central",1943-02-18,1945-07-05,Con,True,,violetapsley,12
16533,"Rt Hon Alice BACON, CBE","Leeds, North East",1945-07-05,1955-05-26,Lab,False,,alicebacon,1
16768,Mrs Bessie BRADDOCK,"Liverpool, Exchange",1945-07-05,1970-06-18,Lab,False,,bessiebraddock,2
14155,Rt Hon Barbara CASTLE,Blackburn,1945-07-05,1950-02-23,Lab,False,,barbaracastle,5
21845,Miss Grace COLMAN,Tynemouth,1945-07-05,1950-02-23,Lab,False,,gracecolman,6
21802,Mrs Freda CORBET,"Camberwell, North-West",1945-07-05,1950-02-23,Lab,False,,fredacorbet,8
17484,Mrs Caroline GANLEY,"Battersea, South",1945-07-05,1951-10-25,Lab,False,,carolineganley,10
22487,Mrs Barbara GOULD,"Hendon, North",1945-07-05,1950-02-23,Lab,False,,barbaragould,11
25259,Rt Hon Miss Margaret HERBISON,"Lanarkshire, North",1945-07-05,1970-06-18,Lab,False,,margaretherbison,12
18315,Mrs Jean MANN,"Lanarkshire, Coatbridge",1945-07-05,1950-02-23,Lab,False,,jeanmann,13
22020,Mrs Lucy MIDDLETON,"Plymouth, Sutton",1945-07-05,1951-10-25,Lab,False,,lucymiddleton,15
18599,Mrs Muriel NICHOL,"Bradford, North",1945-07-05,1950-02-23,Lab,False,,murielnichol,16
18716,Mrs Florence PATON,"Nottinghamshire, Rushcliffe",1945-07-05,1950-02-23,Lab,False,,florencepaton,17
18927,Mrs Mabel RIDEALGH,"Ilford, North",1945-07-05,1950-02-23,Lab,False,,mabelridealgh,18
21708,Mrs Clarice SHAW,"Ayrshire & Bute, Kilmarnock",1945-07-05,1946-01-01,Lab,False,,clariceshaw,19
21754,Mrs Edith WILLS,"Birmingham, Duddeston",1945-07-05,1950-02-23,Lab,False,,edithwills,20
21937,Rt Hon Miss Jennie LEE (Mrs A Bevan),"Staffordshire, Cannock",1945-07-05,1970-06-18,Lab,False,,jennielee,21
18613,Lady Lucy NOEL-BUXTON,Norwich,1945-07-05,1950-02-23,Lab,False,,lucynoelbuxton,22
18316,Mrs Leah MANNING,"Essex, Epping",1945-07-05,1950-02-23,Lab,False,,leahmanning,23
14190,Mrs Jennie ADAMSON,Bexley,1945-07-05,1946-01-01,Lab,False,,jennieadamson,24
19376,"Priscilla, Lady TWEEDSMUIR","Aberdeen, South",1946-11-26,1966-03-31,Con,True,(as Lady Grant of Monymusk to 1948),priscillatweedsmuir,14
17105,Mrs Alice CULLEN,"Glasgow, Gorbals",1948-09-30,1969-01-01,Lab,True,,alicecullen,3
16865,Miss Elaine BURTON,"Coventry, South",1950-02-23,1959-10-08,Lab,False,,elaineburton,5
21789,Mrs Eveline HILL,"Manchester, Wythenshawe",1950-02-23,1964-10-15,Con,False,,evelinehill,6
17837,"Rt Hon Dame Patricia HORNSBY-SMITH, DBE","Kent, Chislehurst",1950-02-23,1966-03-31,Con,False,,patriciahornsbysmith,8
18887,Mrs Dorothy REES,"Glamorgan, Barry",1950-02-23,1951-10-25,Lab,False,,dorothyrees,11
21769,Mrs Eirene WHITE,"Flintshire, East",1950-02-23,1970-06-18,Lab,False,,eirenewhite,13
17841,Rt Hon Dame Florence HORSBURGH,"Manchester, Moss-Side",1950-02-23,1959-10-08,Con,False,(First woman to move the Address in reply to the King's speech),florencehorsburgh,16
21905,"Dame Irene WARD, CH",Tynemouth,1950-02-23,1974-02-01,Con,False,,ireneward,17
14155,Rt Hon Barbara CASTLE,Blackburn East,1950-02-23,1955-05-26,Lab,False,,barbaracastle,18
21802,Mrs Freda CORBET,"Camberwell, Peckham",1950-02-23,1974-02-28,Lab,False,,fredacorbet,19
18315,Mrs Jean MANN,Coatbridge and Airdire,1950-02-23,1959-10-08,Lab,False,,jeanmann,20
19116,Mrs Harriet SLATER,"Stoke-on-Trent, North",1953-03-31,1966-03-31,Lab,True,(First woman Whip),harrietslater,9
17436,Mrs Patricia FORD,"Down, North",1953-04-15,1955-05-26,UU,True,,patriciaford,10
18780,"Dame Edith PITT, DBE","Birmingham, Edgbaston",1953-07-02,1966-03-31,Con,True,,edithpitt,11
17922,Mrs Lena JEGER,"Holborn & St Pancras, South",1953-11-19,1959-10-08,Lab,True,,lenajeger,15
22541,Mrs Joyce BUTLER,Wood Green,1955-05-26,1979-05-03,Lab,False,,joycebutler,1
17313,The Hon Mrs Evelyn EMMET,"East Sussex, East Grinstead",1955-05-26,1964-10-15,Con,False,,evelynemmet,4
18410,Mrs Patricia McLAUGHLIN,"Belfast, West",1955-05-26,1964-10-15,UU,False,,patriciamclaughlin,10
21938,"Dame Joan VICKERS, DBE","Plymouth, Devonport",1955-05-26,1974-02-01,Con,False,,joanvickers,18
19241,"Rt Hon Dr Edith SUMMERSKILL, CH",Warrington,1955-05-26,1961-01-01,Lab,False,,edithsummerskill,22
16533,"Rt Hon Alice BACON, CBE","Leeds, South East",1955-05-26,1970-06-18,Lab,False,,alicebacon,23
14155,Rt Hon Barbara CASTLE,Blackburn,1955-05-26,1979-05-03,Lab,False,,barbaracastle,24
22525,Miss Mervyn PIKE,"Leicestershire, Melton",1956-12-19,1974-02-01,Con,True,,mervynpike,25
22029,Lady Megan LLOYD GEORGE,Carmarthen,1957-01-01,1966-03-31,Lib,True,,meganlloydgeorge,26
17482,Lady Muriel GAMMANS,Hornsey,1957-05-30,1966-03-31,Con,True,,murielgammans,27
18370,Mrs Mary McALISTER,"Glasgow, Kelvingrove",1958-03-13,1959-10-08,Lab,True,,marymcalister,28
17691,"Rt Hon Betty HARVIE ANDERSON OBE, TD","Renfrewshire, East",1959-10-08,1979-05-03,Con,False,(Deputy Chairman of Ways and Means),bettyharvieandersonobe,5
17685,"Rt Hon Dame Judith HART, DBE",Lanark,1959-10-08,1983-06-09,Lab,False,,judithhart,7
19284,Rt Hon Margaret THATCHER,Finchley,1959-10-08,1992-04-09,Con,False,(First woman Prime Minister),margaretthatcher,15
18841,Miss Joan QUENNELL MBE,Petersfield,1960-11-16,1974-10-01,Con,True,,joanquennell,16
17991,Mrs Anne KERR,Rochester & Chatham,1964-10-15,1970-06-18,Lab,False,,annekerr,4
18403,Mrs Margaret McKAY,"Wandsworth, Clapham",1964-10-15,1970-06-18,Lab,False,,margaretmckay,6
22552,Mrs Renee SHORT,"Wolverhampton, North-East",1964-10-15,1987-06-11,Lab,False,,reneeshort,10
19242,Dr the Hon Shirley SUMMERSKILL,Halifax,1964-10-15,1983-06-09,Lab,False,,theshirleysummerskill,20
16475,Rt Hon Shirley WILLIAMS,"Hertfordshire, Hitchin",1964-10-15,1979-05-03,Lab,False,,shirleywilliams,22
17922,Mrs Lena JEGER,"Holborn & St Pancras, South",1964-10-15,1979-05-03,Lab,False,,lenajeger,28
10181,Mrs Gwyneth DUNWOODY,Exeter,1966-03-31,1970-06-18,Lab,False,,gwynethdunwoody,8
22530,"Dame Jill KNIGHT, DBE","Birmingham, Edgbaston",1966-03-31,1997-05-01,Con,False,,jillknight,9
18112,Miss Joan LESTOR,Eton & Slough,1966-03-31,1983-06-09,Lab,False,,joanlestor,11
13981,Mrs Winifred EWING,"Lanarkshire, Hamilton",1967-11-02,1970-06-18,SNP,True,,winifredewing,14
18369,Miss Bernadette DEVLIN,Mid-Ulster,1969-04-17,1974-02-28,Ind. Unity,True,(Youngest woman MP at 21 yrs),bernadettedevlin,3
16437,"Dame Peggy FENNER, DBE",Rochester & Chatham,1970-06-18,1974-10-01,Con,False,,peggyfenner,2
21748,Mrs Doris FISHER,"Birmingham, Ladywood",1970-06-18,1974-02-01,Lab,False,,dorisfisher,4
17430,"Dame Janet FOOKES, DBE",Merton & Morden,1970-06-18,1974-02-01,Con,False,(Second Deputy Chairman of Ways and Means),janetfookes,6
21939,Miss Joan HALL,Keighley,1970-06-18,1974-02-28,Con,False,,joanhall,8
22025,Miss Mary HOLT,"Preston, North",1970-06-18,1974-02-28,Con,False,,maryholt,12
17973,"Dame Elaine KELLETT-BOWMAN, DBE",Lancaster,1970-06-18,1997-05-01,Con,False,,elainekellettbowman,13
18486,Mrs Constance MONKS OBE,Chorley,1970-06-18,1974-02-01,Con,False,,constancemonks,14
18673,Rt Hon Sally OPPENHEIM,Gloucester,1970-06-18,1987-06-11,Con,False,,sallyoppenheim,21
17837,"Rt Hon Dame Patricia HORNSBY-SMITH, DBE","Kent, Chislehurst",1970-06-18,1974-02-01,Con,False,,patriciahornsbysmith,23
10054,Rt Hon Betty BOOTHROYD,West Bromwich,1973-05-24,1974-02-01,Lab,True,(First woman Speaker),bettyboothroyd,26
22021,Mrs Margo MACDONALD,"Glasgow, Govan",1973-11-08,1974-02-28,SNP,True,,margomacdonald,27
16922,Rt Hon Lynda CHALKER,Wallasey,1974-02-28,1992-04-09,Con,False,,lyndachalker,3
17024,Mrs Maureen COLQUHOUN,"Northampton, North",1974-02-28,1979-05-03,Lab,False,,maureencolquhoun,4
16386,Jo RICHARDSON,Barking,1974-02-28,1994-02-01,Lab,False,,jorichardson,6
10649,Audrey WISE,"Coventry, South-West",1974-02-28,1979-05-03,Lab,False,,audreywise,8
16475,Rt Hon Shirley WILLIAMS,Hertford & Stevenage,1974-02-28,1979-05-03,Lab,False,,shirleywilliams,12
10181,Mrs Gwyneth DUNWOODY,Crewe,1974-02-28,1983-06-09,Lab,False,,gwynethdunwoody,14
13981,Mrs Winifred EWING,Moray & Nairn,1974-02-28,1979-05-03,SNP,False,,winifredewing,17
17430,"Dame Janet FOOKES, DBE","Plymouth, Drake",1974-02-28,1997-05-01,Con,False,(Second Deputy Chairman of Ways and Means),janetfookes,18
10054,Rt Hon Betty BOOTHROYD,"West Bromwich, West",1974-02-28,2000-01-01,Lab,False,(First woman Speaker),bettyboothroyd,19
10191,Mrs Margaret BAIN,East Dunbartonshire,1974-10-10,1979-05-03,SNP,False,(later Mrs EWING),margaretbain,2
13495,Mrs Helene HAYMAN,Welwyn & Hatfield,1974-10-10,1979-05-03,Lab,False,,helenehayman,16
10031,Rt Hon Dame Margaret BECKETT,Lincoln,1974-10-10,1979-05-03,Lab,False,"(later Mrs BECKETT, then Rt Hon Dame Margaret BECKETT)",margaretbeckett,23
18367,Miss Joan MAYNARD,"Sheffield, Brightside",1974-10-10,1987-06-11,Lab,False,,joanmaynard,25
22042,Mrs Millie MILLER,Ilford North,1974-10-10,1977-01-01,Lab,False,,milliemiller,26
10584,Rt Hon Ann TAYLOR,"Bolton, West",1974-10-10,1983-06-09,Lab,False,(First woman Chief Whip),anntaylor,27
22059,Dr Oonagh McDONALD,Thurrock,1976-07-15,1987-06-11,Lab,True,,oonaghmcdonald,29
17347,Mrs Sheila FAITH,Belper,1979-05-03,1983-06-09,Con,False,,sheilafaith,1
19737,Miss Sheila WRIGHT,"Birmingham, Handsworth",1979-05-03,1983-06-09,Lab,False,,sheilawright,2
16437,"Dame Peggy FENNER, DBE",Medway,1979-05-03,1997-05-01,Con,False,,peggyfenner,4
16475,Rt Hon Shirley WILLIAMS,Crosby,1981-01-01,1983-06-09,Lab,True,,shirleywilliams,5
17391,"Dame Angela RUMBOLD, DBE","Merton, Mitcham and Morden",1982-06-03,1983-06-09,Con,True,,angelarumbold,8
10260,Rt Hon Harriet HARMAN,Peckham,1982-10-28,1997-05-01,Lab,True,,harrietharman,12
19809,Mrs Helen McELHONE,"Glasgow, Queen's Park",1982-12-02,1983-06-09,Lab,True,,helenmcelhone,16
22612,Mrs Edwina CURRIE,South Derbyshire,1983-06-09,1997-05-01,Con,False,,edwinacurrie,1
18388,Mrs Anna McCURLEY,Renfrew West & Inverclyde,1983-06-09,1987-06-11,Con,False,,annamccurley,2
22624,Mrs Elizabeth PEACOCK,Batley & Spen,1983-06-09,1997-05-01,Con,False,,elizabethpeacock,5
10509,Mrs Marion ROE,Broxbourne,1983-06-09,2005-05-05,Con,False,,marionroe,7
10540,Rt Hon Clare SHORT,"Birmingham, Ladywood",1983-06-09,2010-05-06,Lab,False,,clareshort,8
10646,Mrs Ann WINTERTON,Congleton,1983-06-09,2010-05-06,Con,False,,annwinterton,11
17685,"Rt Hon Dame Judith HART, DBE",Clydesdale,1983-06-09,1987-06-11,Lab,False,,judithhart,14
10181,Mrs Gwyneth DUNWOODY,Crewe & Nantwich,1983-06-09,2008-04-18,Lab,False,,gwynethdunwoody,16
10031,Rt Hon Dame Margaret BECKETT,"Derby, South",1983-06-09,2020-01-01,Lab,False,"(later Mrs BECKETT, then Rt Hon Dame Margaret BECKETT)",margaretbeckett,17
17391,"Dame Angela RUMBOLD, DBE",Mitcham and Morden,1983-06-09,1997-05-01,Con,False,,angelarumbold,20
10058,Rt Hon Virginia BOTTOMLEY,South West Surrey,1984-05-03,2005-05-05,Con,True,,virginiabottomley,22
10120,Rt Hon Ann CLWYD,Cynon Valley,1984-05-03,2020-01-01,Lab,True,,annclwyd,23
20335,Mrs Elizabeth SHIELDS,Ryedale,1986-05-08,1987-06-11,Lib,True,,elizabethshields,24
10233,Mrs Llin GOLDING,Newcastle-under-Lyme,1986-07-17,2001-06-07,Lab,True,,llingolding,26
14611,Mrs Rosie BARNES,Greenwich,1987-02-26,1992-04-09,SDP,True,,rosiebarnes,27
10001,Miss Diane ABBOTT,Hackney North & Stoke Newington,1987-06-11,2020-01-01,Lab,False,,dianeabbott,2
10014,Rt Hon Hilary ARMSTRONG,North West Durham,1987-06-11,2010-05-06,Lab,False,,hilaryarmstrong,10
10215,Mrs Maria FYFE,"Glasgow, Maryhill",1987-06-11,2001-06-07,Lab,False,,mariafyfe,14
22641,Mrs Mildred GORDON,Bow & Poplar,1987-06-11,1997-05-01,Lab,False,,mildredgordon,21
10236,Mrs Teresa GORMAN,Billericay,1987-06-11,2001-06-07,Con,False,,teresagorman,24
22642,Mrs Maureen HICKS,"Wolverhampton, North East",1987-06-11,1992-04-09,Con,False,,maureenhicks,25
10407,Mrs Alice MAHON,Halifax,1987-06-11,2005-05-05,Lab,False,,alicemahon,28
10433,Mrs Ray MICHIE,Argyll & Bute,1987-06-11,2001-06-07,LD,False,,raymichie,29
10449,Rt Hon Marjorie MOWLAM,Redcar,1987-06-11,2001-06-07,Lab,False,,marjoriemowlam,30
22646,Emma NICHOLSON,"Devon, West & Torridge",1987-06-11,1997-05-01,Con,False,,emmanicholson,31
10489,Rt Hon Dame Dawn PRIMAROLO,Bristol South,1987-06-11,2015-05-07,Lab,False,(Second Deputy Chairman of Ways and Means),dawnprimarolo,32
10493,Rt Hon Joyce QUIN,"Gateshead, East",1987-06-11,1997-05-01,Lab,False,,joycequin,33
10519,Rt Hon Dame Joan RUDDOCK,"Lewisham, Deptford",1987-06-11,2015-03-30,Lab,False,,joanruddock,34
10536,Rt Hon Gillian SHEPHARD,South West Norfolk,1987-06-11,2005-05-05,Con,False,,gillianshephard,35
10619,Ms Joan WALLEY,Stoke-on-Trent North,1987-06-11,2015-03-30,Lab,False,,joanwalley,36
10634,Rt Hon Ann WIDDECOMBE,Maidstone,1987-06-11,1997-05-01,Con,False,,annwiddecombe,37
18112,Miss Joan LESTOR,Eccles,1987-06-11,1997-05-01,Lab,False,,joanlestor,38
10649,Audrey WISE,Preston,1987-06-11,2000-09-02,Lab,False,,audreywise,39
10191,Mrs Margaret BAIN,Moray,1987-06-11,2001-06-07,SNP,False,(later Mrs EWING),margaretbain,40
10584,Rt Hon Ann TAYLOR,Dewsbury,1987-06-11,2005-05-05,Lab,False,(First woman Chief Whip),anntaylor,41
10282,Miss Kate HOEY,Vauxhall,1989-06-15,2020-01-01,Lab,True,,katehoey,42
10266,Mrs Sylvia HEAL,Mid-Staffordshire,1990-03-22,1992-04-09,Lab,True,(Deputy Chairman of Ways and Means),sylviaheal,43
10003,Irene ADAMS,Paisley North,1990-11-29,2005-05-05,Lab,True,,ireneadams,44
10012,Janet ANDERSON,Rossendale & Darwen,1992-04-09,2010-05-06,Lab,False,,janetanderson,3
10072,Mrs Angela BROWNING,Tiverton,1992-04-09,1997-05-01,Con,False,,angelabrowning,15
10087,Mrs Anne CAMPBELL,Cambridge,1992-04-09,2005-05-05,Lab,False,,annecampbell,25
16383,Mrs Judith CHAPLIN,Newbury,1992-04-09,1993-02-19,Con,False,,judithchaplin,27
10122,Ms Ann COFFEY,Stockport,1992-04-09,2020-01-01,Lab,False,,anncoffey,43
10135,Rt Hon Jean CORSTON,Bristol East,1992-04-09,2005-05-05,Lab,False,,jeancorston,45
10182,Angela EAGLE,Wallasey,1992-04-09,2020-01-01,Lab,False,,angelaeagle,46
10228,Rt Hon Cheryl GILLAN,Chesham & Amersham,1992-04-09,2020-01-01,Con,False,,cherylgillan,47
10308,Ms Glenda JACKSON,Hampstead & Highgate,1992-04-09,2010-05-06,Lab,False,,glendajackson,48
10309,Helen JACKSON,"Sheffield, Hillsborough",1992-04-09,2005-05-05,Lab,False,,helenjackson,49
10323,Dr Lynne JONES,"Birmingham, Selly Oak",1992-04-09,2010-05-06,Lab,False,,lynnejones,50
10326,Rt Hon Dame Tessa JOWELL,Dulwich,1992-04-09,1997-05-01,Lab,False,,tessajowell,51
10335,Rt Hon Jane KENNEDY,"Liverpool, Broad Green",1992-04-09,1997-05-01,Lab,False,,janekennedy,52
22652,Mrs Angela KNIGHT,Erewash,1992-04-09,1997-05-01,Con,False,,angelaknight,53
10662,Mrs Jacqui LAIT,Hastings & Rye,1992-04-09,1997-05-01,Con,False,,jacquilait,54
18209,Ms Liz LYNNE,Rochdale,1992-04-09,1997-05-01,LD,False,,lizlynne,55
22654,Lady Olga MAITLAND,Sutton & Cheam,1992-04-09,1997-05-01,Con,False,,olgamaitland,56
10445,Rt Hon Estelle MORRIS,"Birmingham, Yardley",1992-04-09,2005-05-05,Lab,False,,estellemorris,57
10486,Ms Bridget PRENTICE,Lewisham East,1992-04-09,2010-05-06,Lab,False,,bridgetprentice,58
10508,Mrs Barbara ROCHE,Hornsey & Wood Green,1992-04-09,2005-05-05,Lab,False,,barbararoche,59
10562,Ms Rachel SQUIRE,Dunfermline West,1992-04-09,2005-05-05,Lab,False,,rachelsquire,60
16384,Mrs Diana MADDOCK,Christchurch,1993-07-29,1997-05-01,LD,True,,dianamaddock,27
10104,Ms Judith CHURCH,Dagenham,1994-06-09,2001-06-07,Lab,True,,judithchurch,6
10281,Rt Hon Margaret HODGE,Barking,1994-06-09,2020-01-01,Lab,True,,margarethodge,61
10360,Rt Hon Helen LIDDELL,Monklands East,1994-06-30,1997-05-01,Lab,True,,helenliddell,62
10148,Ms Roseanna CUNNINGHAM,Perth & Kinross,1995-06-25,1997-05-01,SNP,True,,roseannacunningham,63
10662,Mrs Jacqui LAIT,Beckenham,1997-01-01,2010-05-06,Con,True,,jacquilait,64
10017,Ms  Candy ATHERTON,Falmouth and Camborne,1997-05-01,2005-05-05,Lab,False,,mscandyatherton,1
10018,Ms Charlotte ATKINS,Staffordshire Moorlands,1997-05-01,2010-05-06,Lab,False,,charlotteatkins,4
10024,Mrs Jackie BALLARD,Taunton,1997-05-01,2001-06-07,LD,False,,jackieballard,5
10032,Dame Anne BEGG,Aberdeen South,1997-05-01,2015-03-30,Lab,False,,annebegg,9
10046,Mrs Liz BLACKMAN,Erewash,1997-05-01,2010-05-06,Lab,False,,lizblackman,12
10048,Rt Hon Hazel BLEARS,Salford,1997-05-01,2010-05-06,Lab,False,,hazelblears,13
10109,Mrs Helen BRINTON,Peterborough,1997-05-01,2005-05-05,Lab,False,(Later Mrs Helen Clark),helenbrinton,15
10075,Ms Karen BUCK,Regent's Park and Kensington North,1997-05-01,2010-05-06,Lab,False,,karenbuck,18
10081,Mrs Christine BUTLER,Castle Point,1997-05-01,2001-06-07,Lab,False,,christinebutler,20
10110,"Dr Lynda CLARK, QC","Edinburgh, Pentlands",1997-05-01,2005-05-05,Lab,False,,lyndaclark,21
10131,Rt Hon Yvette COOPER,Pontefract and Castleford,1997-05-01,2010-05-06,Lab,False,,yvettecooper,27
10142,Mrs Ann CRYER,Keighley,1997-05-01,2010-05-06,Lab,False,,anncryer,31
10150,Ms Claire CURTIS-THOMAS,Crosby,1997-05-01,2010-05-06,Lab,False,,clairecurtisthomas,33
10156,Valerie DAVEY,Bristol West,1997-05-01,2005-05-05,Lab,False,,valeriedavey,37
10166,Mrs Janet DEAN,Burton,1997-05-01,2010-05-06,Lab,False,,janetdean,38
10178,Julia DROWN,South Swindon,1997-05-01,2005-05-05,Lab,False,,juliadrown,51
10183,Maria EAGLE,"Liverpool, Garston",1997-05-01,2010-05-06,Lab,False,,mariaeagle,52
10186,Mrs Louise ELLMAN,"Liverpool, Riverside",1997-05-01,2020-01-01,Lab,False,,louiseellman,53
10200,Ms Lorna FITZSIMONS,Rochdale,1997-05-01,2005-05-05,Lab,False,,lornafitzsimons,54
10202,Rt Hon Caroline FLINT,Don Valley,1997-05-01,2020-01-01,Lab,False,,carolineflint,55
10204,Ms Barbara FOLLETT,Stevenage,1997-05-01,2010-05-06,Lab,False,,barbarafollett,56
10229,Mrs Linda GILROY,"Plymouth, Sutton",1997-05-01,2010-05-06,Lab,False,,lindagilroy,62
10235,Eileen GORDON,Romford,1997-05-01,2001-06-07,Lab,False,,eileengordon,63
10244,Jane GRIFFITHS,Reading East,1997-05-01,2005-05-05,Lab,False,,janegriffiths,65
10278,Rt Hon Patricia HEWITT,Leicester West,1997-05-01,2010-05-06,Lab,False,,patriciahewitt,66
10296,Rt Hon Beverley HUGHES,Stretford and Urmston,1997-05-01,2010-05-06,Lab,False,,beverleyhughes,67
10299,Mrs Joan HUMBLE,Blackpool North and Fleetwood,1997-05-01,2010-05-06,Lab,False,,joanhumble,68
10315,Miss Melanie JOHNSON,Welwyn Hatfield,1997-05-01,2005-05-05,Lab,False,,melaniejohnson,69
10318,Mrs Fiona JONES,Newark,1997-05-01,2001-06-07,Lab,False,,fionajones,70
10319,Helen JONES,Warrington North,1997-05-01,2020-01-01,Lab,False,,helenjones,71
10321,Ms Jenny JONES,Wolverhampton South West,1997-05-01,2001-06-07,Lab,False,,jennyjones,72
10328,Ms Sally KEEBLE,Northampton North,1997-05-01,2010-05-06,Lab,False,,sallykeeble,73
10330,Ann KEEN,Brentford and Isleworth,1997-05-01,2010-05-06,Lab,False,,annkeen,74
10332,Rt Hon Ruth KELLY,Bolton West,1997-05-01,2010-05-06,Lab,False,,ruthkelly,75
10341,Ms Oona KING,Bethnal Green and Bow,1997-05-01,2005-05-05,Lab,False,,oonaking,76
10343,Ms Tess KINGHAM,Gloucester,1997-05-01,2001-06-07,Lab,False,,tesskingham,77
10344,Miss Julie KIRKBRIDE,Bromsgrove,1997-05-01,2010-05-06,Con,False,,juliekirkbride,78
10348,Mrs Eleanor LAING,Epping Forest,1997-05-01,2020-01-01,Con,False,,eleanorlaing,79
10350,Ms Jackie LAWRENCE,Preseli Pembrokeshire,1997-05-01,2005-05-05,Lab,False,,jackielawrence,80
10402,Fiona MACTAGGART,Slough,1997-05-01,2017-05-03,Lab,False,,fionamactaggart,81
10410,Judy MALLABER,Amber Valley,1997-05-01,2010-05-06,Lab,False,,judymallaber,82
10426,Rt Hon Theresa MAY,Maidenhead,1997-05-01,2020-01-01,Con,False,,theresamay,83
10378,Ms Chris McCAFFERTY,Calder Valley,1997-05-01,2010-05-06,Lab,False,,chrismccafferty,84
10381,Ms Siobhain McDONAGH,Mitcham and Morden,1997-05-01,2020-01-01,Lab,False,,siobhainmcdonagh,85
10388,Rt Hon Anne McGUIRE,Stirling,1997-05-01,2015-03-30,Lab,False,,annemcguire,86
10389,Anne McINTOSH,Vale of York,1997-05-01,2010-05-06,Con,False,,annemcintosh,87
10390,Shona McISAAC,Cleethorpes,1997-05-01,2010-05-06,Lab,False,,shonamcisaac,88
10392,"Mrs Rosemary McKENNA, CBE",Cumbernauld and Kilsyth,1997-05-01,2005-05-05,Lab,False,,rosemarymckenna,89
10430,Ms Gillian MERRON,Lincoln,1997-05-01,2010-05-06,Lab,False,,gillianmerron,90
10437,Laura MOFFATT,Crawley,1997-05-01,2010-05-06,Lab,False,,lauramoffatt,91
10440,Ms Margaret MORAN,Luton South,1997-05-01,2010-05-06,Lab,False,,margaretmoran,92
10442,Ms Julie MORGAN,Cardiff North,1997-05-01,2010-05-06,Lab,False,,juliemorgan,93
10448,Ms Kali MOUNTFORD,Colne Valley,1997-05-01,2010-05-06,Lab,False,,kalimountford,94
10466,Mrs Diana ORGAN,Forest of Dean,1997-05-01,2005-05-05,Lab,False,,dianaorgan,95
10467,Ms Sandra OSBORNE,Ayr,1997-05-01,2005-05-05,Lab,False,,sandraosborne,96
10476,Ms Linda PERHAM,Ilford North,1997-05-01,2005-05-05,Lab,False,,lindaperham,97
10522,Christine RUSSELL,"Chester, City of",1997-05-01,2010-05-06,Lab,False,,christinerussell,98
10523,Joan RYAN,Enfield North,1997-05-01,2010-05-06,Lab,False,,joanryan,99
10539,Ms Debra SHIPLEY,Stourbridge,1997-05-01,2005-05-05,Lab,False,,debrashipley,100
10546,Rt Hon Angela E SMITH,Basildon,1997-05-01,2010-05-06,Lab,False,,angelaesmith,101
10548,Miss Geraldine SMITH,Morecambe and Lunesdale,1997-05-01,2010-05-06,Lab,False,,geraldinesmith,102
10549,Rt Hon Jacqui SMITH,Redditch,1997-05-01,2010-05-06,Lab,False,,jacquismith,103
10557,Ms Helen SOUTHWORTH,Warrington South,1997-05-01,2010-05-06,Lab,False,,helensouthworth,104
10559,Rt Hon Caroline SPELMAN,Meriden,1997-05-01,2020-01-01,Con,False,,carolinespelman,105
10564,Dr Phyllis STARKEY,Milton Keynes South West,1997-05-01,2010-05-06,Lab,False,,phyllisstarkey,106
10577,Ms Gisela STUART,"Birmingham, Edgbaston",1997-05-01,2017-05-03,Lab,False,,giselastuart,107
10585,Ms Dari TAYLOR,Stockton South,1997-05-01,2010-05-06,Lab,False,,daritaylor,108
10599,Dr Jenny TONGE,Richmond Park,1997-05-01,2005-05-05,LD,False,,jennytonge,109
10621,Ms Claire WARD,Watford,1997-05-01,2010-05-06,Lab,False,,claireward,110
10640,Mrs Betty WILLIAMS,Conwy,1997-05-01,2010-05-06,Lab,False,,bettywilliams,111
10648,Rt Hon Rosie WINTERTON,Doncaster Central,1997-05-01,2020-01-01,Lab,False,,rosiewinterton,112
10260,Rt Hon Harriet HARMAN,Camberwell & Peckham,1997-05-01,2020-01-01,Lab,False,,harrietharman,113
10493,Rt Hon Joyce QUIN,Gateshead East and Washington West,1997-05-01,2005-05-05,Lab,False,,joycequin,114
10634,Rt Hon Ann WIDDECOMBE,Maidstone and the Weald,1997-05-01,2010-05-06,Con,False,,annwiddecombe,115
10266,Mrs Sylvia HEAL,Halesowen and Rowley Regis,1997-05-01,2010-05-06,Lab,False,(Deputy Chairman of Ways and Means),sylviaheal,116
10072,Mrs Angela BROWNING,Tiverton & Honiton,1997-05-01,2010-05-06,Con,False,,angelabrowning,117
10326,Rt Hon Dame Tessa JOWELL,Dulwich & West Norwood,1997-05-01,2015-05-07,Lab,False,,tessajowell,118
10335,Rt Hon Jane KENNEDY,Liverpool Wavertree,1997-05-01,2010-05-06,Lab,False,,janekennedy,119
10360,Rt Hon Helen LIDDELL,Airdrie and Shotts,1997-05-01,2005-05-05,Lab,False,,helenliddell,120
10148,Ms Roseanna CUNNINGHAM,Perth,1997-05-01,2001-06-07,SNP,False,,roseannacunningham,121
10677,Sandra GIDLEY,Romsey,2000-05-04,2010-05-06,LD,True,,sandragidley,19
10709,Vera BAIRD,Redcar,2001-06-07,2010-05-06,Lab,False,,verabaird,5
10754,Annette BROOKE,Mid Dorset & North Poole,2001-06-07,2015-03-30,LD,False,,annettebrooke,6
10776,Patsy CALTON,Cheadle,2001-06-07,2005-05-29,LD,False,,patsycalton,14
10863,Sue DOUGHTY,Guildford,2001-06-07,2005-05-05,LD,False,,suedoughty,20
10879,Annabelle EWING,Perth,2001-06-07,2005-05-05,SNP,False,,annabelleewing,24
10913,Michelle GILDERNEW,Fermanagh & South Tyrone,2001-06-07,2015-05-07,SF,False,Did not take seat,michellegildernew,26
10958,Lady Sylvia HERMON,North Down,2001-06-07,2020-01-01,UU,False,,sylviahermon,29
11076,Ann McKECHIN,Glasgow Maryhill,2001-06-07,2005-05-05,Lab,False,,annmckechin,30
11128,Meg MUNN,"Sheffield, Heeley",2001-06-07,2015-03-30,Lab,False,,megmunn,39
11156,Anne PICKING (2005 = Moffat),East Lothian,2001-06-07,2010-05-06,Lab,False,,annepicking,40
11194,Iris ROBINSON,Strangford,2001-06-07,2010-01-13,DU,False,,irisrobinson,63
11308,Angela WATKINSON,Upminster,2001-06-07,2010-05-06,Con,False,,angelawatkinson,70
11350,Sarah TEATHER,Brent East,2003-09-18,2010-05-06,LD,True,,sarahteather,72
11644,Celia BARLOW,Hove,2005-05-05,2010-05-06,Lab,False,,celiabarlow,1
11558,Roberta BLACKMAN-WOODS,"Durham, City of",2005-05-05,2020-01-01,Lab,False,,robertablackmanwoods,7
11921,Lyn BROWN,West Ham,2005-05-05,2020-01-01,Lab,False,,lynbrown,15
11823,Lorely BURT,Solihull,2005-05-05,2015-05-07,LD,False,,lorelyburt,20
11447,Dawn BUTLER,Brent South (2005-10),2005-05-05,2010-05-06,Lab,False,,dawnbutler,21
11963,Katy CLARK,North Ayrshire and Arran,2005-05-05,2015-03-30,Lab,False,,katyclark,22
11667,Rosie COOPER,West Lancashire,2005-05-05,2020-01-01,Lab,False,,rosiecooper,24
11898,Mary CREAGH,Wakefield,2005-05-05,2020-01-01,Lab,False,,marycreagh,25
11397,Nadine DORRIES,Mid Bedfordshire,2005-05-05,2020-01-01,Con,False,,nadinedorries,28
11534,Natascha ENGEL,North East Derbyshire,2005-05-05,2017-05-03,Lab,False,,nataschaengel,30
11641,Lynne FEATHERSTONE,Hornsey and Wood Green,2005-05-05,2015-05-07,LD,False,,lynnefeatherstone,35
11581,Julia GOLDSWORTHY,Falmouth & Camborne,2005-05-05,2010-05-06,LD,False,,juliagoldsworthy,37
11421,Helen GOODMAN,Bishop Auckland,2005-05-05,2020-01-01,Lab,False,,helengoodman,41
11771,Rt Hon Justine GREENING,Putney,2005-05-05,2020-01-01,Con,False,,justinegreening,44
11692,Nia GRIFFITH,Llanelli,2005-05-05,2020-01-01,Lab,False,,niagriffith,45
11605,Meg HILLIER,Hackney South and Shoreditch,2005-05-05,2020-01-01,Lab,False,,meghillier,49
11592,Sharon HODGSON,Gateshead East & Washington West,2005-05-05,2010-05-06,Lab,False,,sharonhodgson,51
11863,Sian C JAMES,Swansea East,2005-05-05,2015-03-30,Lab,False,,siancjames,54
11647,Diana R JOHNSON,Kingston upon Hull North,2005-05-05,2020-01-01,Lab,False,,dianarjohnson,57
11943,Barbara KEELEY,Worsley,2005-05-05,2010-05-06,Lab,False,,barbarakeeley,59
11783,Susan KRAMER,Richmond Park,2005-05-05,2010-05-06,LD,False,,susankramer,60
11455,Kerry McCARTHY,Bristol East,2005-05-05,2020-01-01,Lab,False,,kerrymccarthy,65
11766,Sarah McCARTHY-FRY,Portsmouth North,2005-05-05,2010-05-06,Lab,False,,sarahmccarthyfry,69
11798,Anne MAIN,St Albans,2005-05-05,2020-01-01,Con,False,,annemain,76
11389,Rt Hon Maria MILLER,Basingstoke,2005-05-05,2020-01-01,Con,False,,mariamiller,77
11603,Anne MILTON,Guildford,2005-05-05,2020-01-01,Con,False,,annemilton,80
11450,Madeleine MOON,Bridgend,2005-05-05,2020-01-01,Lab,False,,madeleinemoon,89
11732,Jessica MORDEN,Newport East,2005-05-05,2020-01-01,Lab,False,,jessicamorden,95
11607,Linda RIORDAN,Halifax,2005-05-05,2015-03-30,Lab,False,,lindariordan,96
11760,Alison SEABECK,"Plymouth, Devonport",2005-05-05,2010-05-06,Lab,False,,alisonseabeck,97
11814,Angela C SMITH,"Sheffield, Hillsborough",2005-05-05,2010-05-06,Lab,False,,angelacsmith,100
11866,Anne SNELGROVE,South Swindon,2005-05-05,2010-05-06,Lab,False,,annesnelgrove,109
11971,Jo SWINSON,East Dunbartonshire,2005-05-05,2015-05-07,LD,False,,joswinson,114
11656,Emily THORNBERRY,Islington South & Finsbury,2005-05-05,2020-01-01,Lab,False,,emilythornberry,120
11464,Kitty USSHER,Burnley,2005-05-05,2010-05-06,Lab,False,,kittyussher,121
11500,Rt Hon Theresa VILLIERS,Chipping Barnet,2005-05-05,2020-01-01,Con,False,,theresavilliers,122
11845,Lynda WALTHO,Stourbridge,2005-05-05,2010-05-06,Lab,False,,lyndawaltho,123
11480,Jenny WILLOTT,Cardiff Central,2005-05-05,2015-03-30,LD,False,,jennywillott,124
10562,Ms Rachel SQUIRE,Dunfermline and West Fife,2005-05-05,2006-01-06,Lab,False,,rachelsquire,125
10392,"Mrs Rosemary McKENNA, CBE","Cumbernauld, Kilsyth and Kirkintilloch East",2005-05-05,2010-05-06,Lab,False,,rosemarymckenna,126
10467,Ms Sandra OSBORNE,"Ayr, Carrick and Cumnock",2005-05-05,2015-03-30,Lab,False,,sandraosborne,127
11076,Ann McKECHIN,Glasgow North,2005-05-05,2015-03-30,Lab,False,,annmckechin,128
24691,Chloe SMITH,Norwich North,2009-07-23,2020-01-01,Con,True,,chloesmith,14
24953,Heidi ALEXANDER,Lewisham East,2010-05-06,2020-01-01,Lab,False,,heidialexander,1
24958,Rushanara ALI,Bethnal Green and Bow,2010-05-06,2020-01-01,Lab,False,,rushanaraali,3
24833,Ms Louise BAGSHAWE,Corby,2010-05-06,2012-01-01,Con,False,(later Mrs Louise MENSCH),louisebagshawe,4
24785,Harriett BALDWIN,West Worcestershire,2010-05-06,2020-01-01,Con,False,,harriettbaldwin,5
24924,Luciana BERGER,"Liverpool, Wavertree",2010-05-06,2020-01-01,Lab,False,,lucianaberger,8
24842,Nicola BLACKWOOD,Oxford West and Abingdon,2010-05-06,2017-05-03,Con,False,,nicolablackwood,10
24725,Karen BRADLEY,Staffordshire Moorlands,2010-05-06,2020-01-01,Con,False,,karenbradley,11
24952,Angie BRAY,Ealing Central and Acton,2010-05-06,2015-03-30,Con,False,,angiebray,12
24857,Fiona BRUCE,Congleton,2010-05-06,2020-01-01,Con,False,,fionabruce,13
24711,Mrs Jenny CHAPMAN,Darlington,2010-05-06,2020-01-01,Lab,False,,jennychapman,16
24771,Dr Thérèse COFFEY,Suffolk Coastal,2010-05-06,2020-01-01,Con,False,,thérèsecoffey,18
24949,Stella CREASY,Walthamstow,2010-05-06,2020-01-01,Lab,False,,stellacreasy,19
24871,Tracey CROUCH,Chatham and Aylesford,2010-05-06,2020-01-01,Con,False,,traceycrouch,21
24734,Margaret CURRAN,Glasgow East,2010-05-06,2015-03-30,Lab,False,,margaretcurran,27
24811,Gloria DE PIERO,Ashfield,2010-05-06,2020-01-01,Lab,False,,gloriadepiero,31
24873,Caroline DINENAGE,Gosport,2010-05-06,2020-01-01,Con,False,,carolinedinenage,33
24918,Gemma DOYLE,West Dunbartonshire,2010-05-06,2015-03-30,Lab,False,,gemmadoyle,37
24957,Jackie DOYLE-PRICE,Thurrock,2010-05-06,2020-01-01,Con,False,,jackiedoyleprice,38
24710,Julie ELLIOTT,Sunderland Central,2010-05-06,2020-01-01,Lab,False,,julieelliott,40
24719,Jane ELLISON,Battersea,2010-05-06,2017-05-03,Con,False,,janeellison,48
24805,Yvonne FOVARGUE,Makerfield,2010-05-06,2020-01-01,Lab,False,,yvonnefovargue,50
24801,Lorraine FULLBROOK,South Ribble,2010-05-06,2015-03-30,Con,False,,lorrainefullbrook,51
24763,Sheila GILMORE,Edinburgh East,2010-05-06,2015-03-30,Lab,False,,sheilagilmore,52
24917,Pat GLASS,North West Durham,2010-05-06,2017-05-03,Lab,False,,patglass,56
24927,Mrs Mary GLINDON,North Tyneside,2010-05-06,2020-01-01,Lab,False,,maryglindon,58
24796,Mrs Helen GRANT,Maidstone and The Weald,2010-05-06,2020-01-01,Con,False,,helengrant,59
24896,Kate GREEN,Stretford and Urmston,2010-05-06,2020-01-01,Lab,False,,kategreen,60
24774,Lilian GREENWOOD,Nottingham South,2010-05-06,2020-01-01,Lab,False,,liliangreenwood,62
24731,Rebecca HARRIS,Castle Point,2010-05-06,2020-01-01,Con,False,,rebeccaharris,63
24881,Julie HILLING,Bolton West,2010-05-06,2015-03-30,Lab,False,,juliehilling,64
24876,Margot JAMES,Stourbridge,2010-05-06,2020-01-01,Con,False,,margotjames,66
24726,Cathy JAMIESON,Kilmarnock and Loudoun,2010-05-06,2015-03-30,Lab,False,,cathyjamieson,67
24720,Susan Elan JONES,Clwyd South,2010-05-06,2020-01-01,Lab,False,,susanelanjones,68
24816,Liz KENDALL,Leicester West,2010-05-06,2020-01-01,Lab,False,,lizkendall,69
24821,Pauline LATHAM,Mid Derbyshire,2010-05-06,2020-01-01,Con,False,,paulinelatham,70
24829,Andrea LEADSOM,South Northamptonshire,2010-05-06,2020-01-01,Con,False,,andrealeadsom,72
24757,Jessica LEE,Erewash,2010-05-06,2015-03-30,Con,False,,jessicalee,73
24891,Charlotte LESLIE,Bristol North West,2010-05-06,2017-05-03,Con,False,,charlotteleslie,74
13814,Naomi LONG,Belfast East,2010-05-06,2015-03-30,Alliance,False,,naomilong,75
24910,Caroline LUCAS,"Brighton, Pavilion",2010-05-06,2020-01-01,Green,False,,carolinelucas,78
24856,Karen LUMLEY,Redditch,2010-05-06,2017-05-03,Con,False,,karenlumley,82
24913,Mary MACLEOD,Brentford and Isleworth,2010-05-06,2015-03-30,Con,False,,marymacleod,84
24788,Shabana MAHMOOD,"Birmingham, Ladywood",2010-05-06,2020-01-01,Lab,False,,shabanamahmood,87
24897,Alison MCGOVERN,Wirral South,2010-05-06,2020-01-01,Lab,False,,alisonmcgovern,88
24818,Catherine MCKINNELL,Newcastle upon Tyne North,2010-05-06,2020-01-01,Lab,False,,catherinemckinnell,90
24882,Rt Hon Esther MCVEY,Wirral West,2010-05-06,2015-05-07,Con,False,,esthermcvey,91
24938,Penny MORDAUNT,Portsmouth North,2010-05-06,2020-01-01,Con,False,,pennymordaunt,92
24732,Rt Hon Nicky MORGAN,Loughborough,2010-05-06,2020-01-01,Con,False,,nickymorgan,93
24912,Anne Marie MORRIS,Newton Abbot,2010-05-06,2020-01-01,Con,False,,annemariemorris,94
24942,Tessa MUNT,Wells,2010-05-06,2015-03-30,LD,False,,tessamunt,97
24875,Sheryll MURRAY,South East Cornwall,2010-05-06,2020-01-01,Con,False,,sheryllmurray,98
24831,Lisa NANDY,Wigan,2010-05-06,2020-01-01,Lab,False,,lisanandy,99
24737,Pamela NASH,Airdrie and Shotts,2010-05-06,2015-03-30,Lab,False,,pamelanash,100
24948,Sarah NEWTON,Truro and Falmouth,2010-05-06,2020-01-01,Con,False,,sarahnewton,101
24809,Caroline NOKES,Romsey and Southampton North,2010-05-06,2020-01-01,Con,False,,carolinenokes,102
24723,Fiona O’DONNELL,East Lothian,2010-05-06,2015-03-30,Lab,False,,fionaodonnell,103
24807,Chi ONWURAH,Newcastle upon Tyne Central,2010-05-06,2020-01-01,Lab,False,,chionwurah,104
24778,Priti PATEL,Witham,2010-05-06,2020-01-01,Con,False,,pritipatel,106
24956,Teresa PEARCE,Erith and Thamesmead,2010-05-06,2020-01-01,Lab,False,,teresapearce,108
24915,Claire PERRY,Devizes,2010-05-06,2020-01-01,Con,False,,claireperry,109
24709,Bridget PHILLIPSON,Houghton and Sunderland South,2010-05-06,2020-01-01,Lab,False,,bridgetphillipson,110
24775,Yasmin QURESHI,Bolton South East,2010-05-06,2020-01-01,Lab,False,,yasminqureshi,111
24851,Rachel REEVES,Leeds West,2010-05-06,2020-01-01,Lab,False,,rachelreeves,115
24868,Emma REYNOLDS,Wolverhampton North East,2010-05-06,2020-01-01,Lab,False,,emmareynolds,116
13856,Ms Margaret RITCHIE,South Down,2010-05-06,2017-05-03,SDLP,False,,margaretritchie,117
24795,Amber RUDD,Hastings and Rye,2010-05-06,2020-01-01,Con,False,,amberrudd,119
24792,Laura SANDYS,South Thanet,2010-05-06,2015-03-30,Con,False,,laurasandys,121
24772,Anna SOUBRY,Broxtowe,2010-05-06,2020-01-01,Con,False,,annasoubry,123
24941,Rt Hon Elizabeth TRUSS,South West Norfolk,2010-05-06,2020-01-01,Con,False,,elizabethtruss,125
24852,Valerie VAZ,Walsall South,2010-05-06,2020-01-01,Lab,False,,valerievaz,126
24769,Heather WHEELER,South Derbyshire,2010-05-06,2020-01-01,Con,False,,heatherwheeler,129
24812,Dr Eilidh WHITEFORD,Banff and Buchan,2010-05-06,2017-05-03,SNP,False,,eilidhwhiteford,130
24761,Dr Sarah WOLLASTON,Totnes,2010-05-06,2020-01-01,Con,False,,sarahwollaston,131
10308,Ms Glenda JACKSON,Hampstead and Kilburn,2010-05-06,2015-03-30,Lab,False,,glendajackson,132
10048,Rt Hon Hazel BLEARS,Salford and Eccles,2010-05-06,2015-03-30,Lab,False,,hazelblears,133
10075,Ms Karen BUCK,Westminster North,2010-05-06,2020-01-01,Lab,False,,karenbuck,134
10131,Rt Hon Yvette COOPER,"Normanton, Pontefract and Castleford",2010-05-06,2020-01-01,Lab,False,,yvettecooper,135
10183,Maria EAGLE,Garston and Halewood,2010-05-06,2020-01-01,Lab,False,,mariaeagle,136
10389,Anne McINTOSH,Thirsk And Malton,2010-05-06,2015-05-07,Con,False,,annemcintosh,137
11308,Angela WATKINSON,Hornchurch and Upminster,2010-05-06,2017-05-03,Con,False,,angelawatkinson,138
11350,Sarah TEATHER,Brent Central,2010-05-06,2015-03-30,LD,False,,sarahteather,139
11592,Sharon HODGSON,Washington and Sunderland West,2010-05-06,2020-01-01,Lab,False,,sharonhodgson,140
11943,Barbara KEELEY,Worsley and Eccles South,2010-05-06,2020-01-01,Lab,False,,barbarakeeley,141
11760,Alison SEABECK,"Plymouth, Moor View",2010-05-06,2015-03-30,Lab,False,,alisonseabeck,142
11814,Angela C SMITH,Penistone and Stocksbridge,2010-05-06,2020-01-01,Lab,False,,angelacsmith,143
25034,Debbie ABRAHAMS,Oldham East and Saddleworth,2011-01-13,2020-01-01,Lab,True,,debbieabrahams,144
25150,Seema MALHOTRA,Feltham and Heston,2011-12-15,2020-01-01,Lab,True,,seemamalhotra,145
25165,Lucy POWELL,Manchester Central,2012-11-15,2020-01-01,Lab,True,,lucypowell,4
25168,Sarah CHAMPION,Rotherham,2012-11-29,2020-01-01,Lab,True,,sarahchampion,146
25181,Emma LEWELL-BUCK,South Shields,2013-05-02,2020-01-01,Lab,True,,emmalewellbuck,147
25230,Liz MCINNES,Heywood and Middleton,2014-10-09,2020-01-01,Lab,True,,lizmcinnes,148
25274,Tasmina AHMED-SHEIKH,Ochil and South Perthshire,2015-05-07,2017-05-03,SNP,False,,tasminaahmedsheikh,6
25337,Lucy ALLAN,Telford,2015-05-07,2020-01-01,Con,False,,lucyallan,9
25348,Heidi ALLEN,South Cambridgeshire,2015-05-07,2020-01-01,Con,False,,heidiallen,12
25335,Caroline ANSELL,Eastbourne,2015-05-07,2017-05-03,Con,False,,carolineansell,20
25424,Victoria ATKINS,Louth and Horncastle,2015-05-07,2020-01-01,Con,False,,victoriaatkins,22
25409,Hannah BARDELL,Livingston,2015-05-07,2020-01-01,SNP,False,,hannahbardell,26
25269,Mhairi BLACK,Paisley and Renfrewshire South,2015-05-07,2020-01-01,SNP,False,,mhairiblack,27
25314,Kirsty BLACKMAN,Aberdeen North,2015-05-07,2020-01-01,SNP,False,,kirstyblackman,32
25311,Victoria BORWICK,Kensington,2015-05-07,2017-05-03,Con,False,,victoriaborwick,34
25336,Deidre BROCK,Edinburgh North and Leith,2015-05-07,2020-01-01,SNP,False,,deidrebrock,35
25343,Ruth CADBURY,Brentford and Isleworth,2015-05-07,2020-01-01,Lab,False,,ruthcadbury,36
25276,Lisa CAMERON,"East Kilbride, Strathaven and Lesmahagow",2015-05-07,2020-01-01,SNP,False,,lisacameron,37
25397,Maria CAULFIELD,Lewes,2015-05-07,2020-01-01,Con,False,,mariacaulfield,39
25404,Joanna CHERRY,Edinburgh South West,2015-05-07,2020-01-01,SNP,False,,joannacherry,51
25408,Jo CHURCHILL,Bury St Edmunds,2015-05-07,2020-01-01,Con,False,,jochurchill,52
25283,Julie COOPER,Burnley,2015-05-07,2020-01-01,Lab,False,,juliecooper,54
25394,Jo COX,Batley and Spen,2015-05-07,2016-06-16,Lab,False,,jocox,64
25295,Angela CRAWLEY,Lanark and Hamilton East,2015-05-07,2020-01-01,SNP,False,,angelacrawley,67
25393,Judith CUMMINS,Bradford South,2015-05-07,2020-01-01,Lab,False,,judithcummins,73
25330,Mims DAVIES,Eastleigh,2015-05-07,2020-01-01,Con,False,,mimsdavies,75
25402,Thangam DEBBONAIRE,Bristol West,2015-05-07,2020-01-01,Lab,False,,thangamdebbonaire,84
25316,Michelle DONELAN,Chippenham,2015-05-07,2020-01-01,Con,False,,michelledonelan,86
25392,Flick DRUMMOND,Portsmouth South,2015-05-07,2017-05-03,Con,False,,flickdrummond,91
25277,Marion FELLOWS,Motherwell and Wishaw,2015-05-07,2020-01-01,SNP,False,,marionfellows,96
25272,Suella FERNANDES,Fareham,2015-05-07,2020-01-01,Con,False,,suellafernandes,97
25287,Margaret FERRIER,Rutherglen and Hamilton West,2015-05-07,2017-05-03,SNP,False,,margaretferrier,100
25319,Colleen FLETCHER,Coventry North East,2015-05-07,2020-01-01,Lab,False,,colleenfletcher,103
25380,Vicky FOXCROFT,"Lewisham, Deptford",2015-05-07,2020-01-01,Lab,False,,vickyfoxcroft,114
25399,Lucy FRAZER,South East Cambridgeshire,2015-05-07,2020-01-01,Con,False,,lucyfrazer,118
25354,Nusrat GHANI,Wealden,2015-05-07,2020-01-01,Con,False,,nusratghani,121
25300,Patricia GIBSON,North Ayrshire and Arran,2015-05-07,2020-01-01,SNP,False,,patriciagibson,124
25349,Margaret GREENWOOD,Wirral West,2015-05-07,2020-01-01,Lab,False,,margaretgreenwood,127
25357,Louise HAIGH,"Sheffield, Heeley",2015-05-07,2020-01-01,Lab,False,,louisehaigh,128
25308,Carolyn HARRIS,Swansea East,2015-05-07,2020-01-01,Lab,False,,carolynharris,132
25310,Helen HAYES,Dulwich and West Norwood,2015-05-07,2020-01-01,Lab,False,,helenhayes,133
25358,Sue HAYMAN,Workington,2015-05-07,2020-01-01,Lab,False,,suehayman,137
25298,Kate HOLLERN,Blackburn,2015-05-07,2020-01-01,Lab,False,,katehollern,139
25284,Rupa HUQ,Ealing Central and Acton,2015-05-07,2020-01-01,Lab,False,,rupahuq,142
25431,Andrea  JENKYNS,Morley and Outwood,2015-05-07,2020-01-01,Con,False,,andreajenkyns,149
25389,Seema KENNEDY,South Ribble,2015-05-07,2020-01-01,Con,False,,seemakennedy,150
25368,Rebecca LONG BAILEY,Salford and Eccles,2015-05-07,2020-01-01,Lab,False,,rebeccalongbailey,151
25434,Holly LYNCH,Halifax,2015-05-07,2020-01-01,Lab,False,,hollylynch,152
25433,Rachael MASKELL,York Central,2015-05-07,2020-01-01,Lab,False,,rachaelmaskell,153
25333,Tania MATHIAS,Twickenham,2015-05-07,2017-05-03,Con,False,,taniamathias,154
25303,Natalie McGARRY,Glasgow East,2015-05-07,2017-05-03,SNP,False,,nataliemcgarry,155
14146,Anne McLAUGHLIN,Glasgow North East,2015-05-07,2017-05-03,SNP,False,,annemclaughlin,156
25350,Amanda MILLING,Cannock Chase,2015-05-07,2020-01-01,Con,False,,amandamilling,157
25406,Carol MONAGHAN,Glasgow North West,2015-05-07,2020-01-01,SNP,False,,carolmonaghan,158
25342,Wendy MORTON,Aldridge-Brownhills,2015-05-07,2020-01-01,Con,False,,wendymorton,159
25317,Melanie ONN,Great Grimsby,2015-05-07,2020-01-01,Lab,False,,melanieonn,160
25365,Kate OSAMOR,Edmonton,2015-05-07,2020-01-01,Lab,False,,kateosamor,161
25294,Kirsten OSWALD,East Renfrewshire,2015-05-07,2017-05-03,SNP,False,,kirstenoswald,162
25364,Jess PHILLIPS,"Birmingham, Yardley",2015-05-07,2020-01-01,Lab,False,,jessphillips,163
25407,Rebecca POW,Taunton Deane,2015-05-07,2020-01-01,Con,False,,rebeccapow,164
25420,Victoria PRENTIS,Banbury,2015-05-07,2020-01-01,Con,False,,victoriaprentis,165
25429,Angela RAYNER,Ashton-Under-Lyne,2015-05-07,2020-01-01,Lab,False,,angelarayner,166
25332,Christina REES,Neath,2015-05-07,2020-01-01,Lab,False,,christinarees,167
25321,Marie RIMMER,St Helens South and Whiston,2015-05-07,2020-01-01,Lab,False,,marierimmer,168
25405,Mary ROBINSON,Cheadle,2015-05-07,2020-01-01,Con,False,,maryrobinson,169
25363,Antoinette SANDBACH,Eddisbury,2015-05-07,2020-01-01,Con,False,,antoinettesandbach,170
25302,Liz SAVILLE-ROBERTS,Dwyfor Meirionnydd,2015-05-07,2020-01-01,PC,False,,lizsavilleroberts,171
25385,Naz SHAH,Bradford West,2015-05-07,2020-01-01,Lab,False,,nazshah,172
25421,Paula SHERRIFF,Dewsbury,2015-05-07,2020-01-01,Lab,False,,paulasherriff,173
25344,Tulip SIDDIQ,Hampstead and Kilburn,2015-05-07,2020-01-01,Lab,False,,tulipsiddiq,174
25435,Ruth SMEETH,Stoke-On-Trent North,2015-05-07,2020-01-01,Lab,False,,ruthsmeeth,175
25432,Cat SMITH,Lancaster and Fleetwood,2015-05-07,2020-01-01,Lab,False,,catsmith,176
25390,Karin SMYTH,Bristol South,2015-05-07,2020-01-01,Lab,False,,karinsmyth,177
25436,Amanda SOLLOWAY,Derby North,2015-05-07,2017-05-03,Con,False,,amandasolloway,178
25304,Jo STEVENS,Cardiff Central,2015-05-07,2020-01-01,Lab,False,,jostevens,179
25327,Alison THEWLISS,Glasgow Central,2015-05-07,2020-01-01,SNP,False,,alisonthewliss,180
25352,Michelle THOMSON,Edinburgh West,2015-05-07,2017-05-03,SNP,False,,michellethomson,181
25371,Maggie THROUP,Erewash,2015-05-07,2020-01-01,Con,False,,maggiethroup,182
25430,Kelly TOLHURST,Rochester and Strood,2015-05-07,2020-01-01,Con,False,,kellytolhurst,183
25439,Anne-Marie TREVELYAN,Berwick-Upon-Tweed,2015-05-07,2020-01-01,Con,False,,annemarietrevelyan,184
25313,Anna TURLEY,Redcar,2015-05-07,2020-01-01,Lab,False,,annaturley,185
25328,Catherine WEST,Hornsey and Wood Green,2015-05-07,2020-01-01,Lab,False,,catherinewest,186
25398,Helen WHATELY,Faversham and Mid Kent,2015-05-07,2020-01-01,Con,False,,helenwhately,187
25318,Philippa WHITFORD,Central Ayrshire,2015-05-07,2020-01-01,SNP,False,,philippawhitford,188
25401,Corri WILSON,"Ayr, Carrick and Cumnock",2015-05-07,2017-05-03,SNP,False,,corriwilson,189
10523,Joan RYAN,Enfield North,2015-05-07,2020-01-01,Lab,False,,joanryan,190
11447,Dawn BUTLER,Brent Central,2015-05-07,2020-01-01,Lab,False,,dawnbutler,191
25489,Gill FURNISS,"Sheffield, Brightside and Hillsborough",2016-05-05,2020-01-01,Lab,True,,gillfurniss,192
25579,Dr Rosena ALLIN-KHAN,Tooting,2016-06-16,2020-01-01,Lab,True,,rosenaallinkhan,64
25592,Tracy BRABIN,Batley and Spen,2016-10-20,2020-01-01,Lab,True,,tracybrabin,193
25596,Sarah OLNEY,Richmond Park,2016-12-01,2017-05-03,LD,True,,saraholney,194
25597,Caroline JOHNSON,Sleaford and North Hykeham,2016-12-08,2020-01-01,Con,True,,carolinejohnson,195
25600,Trudy HARRISON,Copeland,2017-02-23,2020-01-01,Con,True,,trudyharrison,196
25616,Kirstene HAIR,Angus,2017-06-08,2020-01-01,Con,False,,kirstenehair,6
25617,Stephanie PEACOCK,Barnsley East,2017-06-08,2020-01-01,Lab,False,,stephaniepeacock,10
25648,Wera HOBHOUSE,Bath,2017-06-08,2020-01-01,LD,False,,werahobhouse,20
25620,Marsha DE CORDOVA,Battersea,2017-06-08,2020-01-01,Lab,False,,marshadecordova,30
25452,Emma LITTLE-PENGELLY,Belfast South,2017-06-08,2020-01-01,DUP,False,,emmalittlepengelly,34
25666,Preet GILL,"Birmingham, Edgbaston",2017-06-08,2020-01-01,Lab,False,,preetgill,48
25623,Liz TWIST,Blaydon,2017-06-08,2020-01-01,Lab,False,,liztwist,56
25656,Rosie DUFFIELD,Canterbury,2017-06-08,2020-01-01,Lab,False,,rosieduffield,74
25647,Anna McMORRIN,Cardiff North,2017-06-08,2020-01-01,Lab,False,,annamcmorrin,81
25614,Vicky FORD,Chelmsford,2017-06-08,2020-01-01,Con,False,,vickyford,82
25670,Gillian KEEGAN,Chichester,2017-06-08,2020-01-01,Con,False,,gilliankeegan,91
25671,Thelma WALKER,Colne Valley,2017-06-08,2020-01-01,Lab,False,,thelmawalker,100
25672,Laura SMITH,Crewe and Nantwich,2017-06-08,2020-01-01,Lab,False,,laurasmith,107
25673,Sarah JONES,Croydon Central,2017-06-08,2020-01-01,Lab,False,,sarahjones,117
25675,Christine JARDINE,Edinburgh West,2017-06-08,2020-01-01,LD,False,,christinejardine,130
25604,Elisha McCALLION,Foyle,2017-06-08,2020-01-01,SF,False,,elishamccallion,138
25634,Tonia ANTONIAZZI,Gower,2017-06-08,2020-01-01,Lab,False,,toniaantoniazzi,154
25633,Ruth GEORGE,"High Peak",2017-06-08,2020-01-01,Lab,False,,ruthgeorge,155
25652,Julia DOCKERILL,"Hornchurch and Upminster",2017-06-08,2020-01-01,Con,False,,juliadockerill,156
25706,Emma DENT COAD,"Kensington",2017-06-08,2020-01-01,Lab,False,,emmadentcoad,162
25646,Emma HARDY,Kingston upon Hull West and Hessle,2017-06-08,2020-01-01,Lab,False,,emmahardy,178
25653,Lesley LAIRD,Kirkcaldy and Cowdenbeath,2017-06-08,2020-01-01,Lab,False,,lesleylaird,181
25611,Jo PLATT,Leigh,2017-06-08,2020-01-01,Lab,False,,joplatt,189
25681,Ellie REEVES,Lewisham West and Penge,2017-06-08,2020-01-01,Lab,False,,elliereeves,194
25682,Karen LEE,Lincoln,2017-06-08,2020-01-01,Lab,False,,karenlee,197
25640,Laura PIDCOCK,North West Durham,2017-06-08,2020-01-01,Lab,False,,laurapidcock,198
25618,Anneliese DODDS,Oxford East,2017-06-08,2020-01-01,Lab,False,,anneliesedodds,199
25689,Layla MORAN,Oxford West and Abingdon,2017-06-08,2020-01-01,LD,False,,laylamoran,200
25638,Fiona ONASANYA,Peterborough,2017-06-08,2020-01-01,Lab,False,,fionaonasanya,201
25692,Rachel MACLEAN,Redditch,2017-06-08,2020-01-01,Con,False,,rachelmaclean,202
25693,Kemi BADENOCH,Saffron Walden,2017-06-08,2020-01-01,Con,False,,kemibadenoch,203
25631,Eleanor SMITH,Wolverhampton South West,2017-06-08,2020-01-01,Lab,False,,eleanorsmith,204
10913,Michelle GILDERNEW,Fermanagh & South Tyrone,2017-06-08,2020-01-01,SF,False,Did not take seat,michellegildernew,205
11971,Jo SWINSON,East Dunbartonshire,2017-06-08,2020-01-01,LD,False,,joswinson,206
24882,Rt Hon Esther MCVEY,Tatton,2017-06-08,2020-01-01,Con,False,,esthermcvey,207
