"name","constituency","term_start","term_end","party","byelection","notes","clean_name","stream"
"Constance, Countess MARKIEVICZ","Dublin, St Patrick's",1918-12-14,1922-11-15,"SF",FALSE,"Did not take seat","constancemarkievicz",1
"Nancy, Viscountess ASTOR, CH","Plymouth, Sutton",1919-11-15,1945-07-05,"Con",TRUE,NA,"nancyastorch",2
"Mrs Margaret WINTRINGHAM","Lincolnshire, Louth",1921-09-22,1924-10-29,"Lib",TRUE,NA,"margaretwintringham",3
"Mrs Mabel PHILIPSON","Berwick-upon-Tweed",1923-05-31,1929-05-30,"Con",TRUE,NA,"mabelphilipson",1
"Katharine, Duchess of ATHOLL, DBE","Perth & Kinross, Kinross & Western",1923-12-06,1938-01-01,"Con",FALSE,NA,"katharineduchessofatholldbe",4
"Rt Hon Margaret BONDFIELD, CH","Northampton",1923-12-06,1924-10-29,"Lab",FALSE,"(First woman Cabinet Minister)","margaretbondfieldch",5
"Miss Dorothea JEWSON","Norwich",1923-12-06,1924-10-29,"Lab",FALSE,NA,"dorotheajewson",6
"Miss Arabella Susan LAWRENCE","East Ham, North",1923-12-06,1924-10-29,"Lab",FALSE,NA,"arabellasusanlawrence",7
"Lady Vera TERRINGTON","Buckinghamshire, Wycombe",1923-12-06,1924-10-29,"Lib",FALSE,NA,"veraterrington",8
"Rt Hon Ellen WILKINSON","Middlesbrough, East",1924-10-29,1931-10-27,"Lab",FALSE,NA,"ellenwilkinson",3
"Rt Hon Margaret BONDFIELD, CH","Wallsend",1926-01-01,1931-10-27,"Lab",TRUE,"(First woman Cabinet Minister)","margaretbondfieldch",5
"Miss Arabella Susan LAWRENCE","East Ham, North",1926-01-01,1931-10-27,"Lab",TRUE,NA,"arabellasusanlawrence",6
"Gwendolen, Countess of IVEAGH, CBE","Southend-on-Sea",1927-11-19,1935-11-14,"Con",TRUE,NA,"gwendolenofiveaghcbe",7
"Hilda RUNCIMAN (later Viscountess)","Cornwall, St Ives",1928-03-06,1929-05-30,"Lib",TRUE,NA,"hildarunciman(later)",8
"Mrs Florence DALTON","Durham, Bishop Auckland",1929-02-07,1929-05-30,"Lab",TRUE,NA,"florencedalton",9
"Rt Hon Miss Jennie LEE (Mrs A Bevan)","Lanarkshire, Northern",1929-03-21,1931-10-27,"Lab",TRUE,NA,"jennielee(abevan)",10
"Dr Ethel BENTHAM","Islington, East",1929-05-30,1931-10-27,"Lab",FALSE,NA,"ethelbentham",1
"Mrs Mary HAMILTON,","Blackburn",1929-05-30,1931-10-27,"Lab",FALSE,NA,"maryhamilton",8
"Lady Megan LLOYD GEORGE","Anglesey",1929-05-30,1951-10-25,"Lib",FALSE,NA,"meganlloydgeorge",9
"Lady Cynthia MOSLEY","Stoke-on-Trent, Stoke",1929-05-30,1931-10-27,"Lab",FALSE,NA,"cynthiamosley",11
"Dr Marion PHILLIPS","Sunderland",1929-05-30,1931-10-27,"Lab",FALSE,NA,"marionphillips",12
"Miss Edith PICTON-TURBERVILL, OBE","Shropshire, The Wrekin",1929-05-30,1931-10-27,"Lab",FALSE,NA,"edithpictonturbervillobe",13
"Miss Eleanor RATHBONE","Combined English Universities",1929-05-30,1946-01-01,"Ind",FALSE,NA,"eleanorrathbone",14
"Lady Lucy NOEL-BUXTON","Norfolk, North",1930-07-09,1931-10-27,"Lab",TRUE,NA,"lucynoelbuxton",15
"Mrs Leah MANNING","Islington, East",1931-02-19,1931-10-27,"Lab",TRUE,NA,"leahmanning",16
"Mrs Thelma CAZALET-KEIR, CBE","Islington, East",1931-10-27,1945-07-05,"Con",FALSE,NA,"thelmacazaletkeircbe",1
"Mrs Ida COPELAND","Stoke-on-Trent, Stoke",1931-10-27,1935-11-14,"Con",FALSE,NA,"idacopeland",3
"Miss Marjorie GRAVES","Hackney, South",1931-10-27,1935-11-14,"Con",FALSE,NA,"marjoriegraves",5
"Rt Hon Dame Florence HORSBURGH","Dundee",1931-10-27,1945-07-05,"Con",FALSE,"(First woman to move the Address in reply to the King's speech)","florencehorsburgh",6
"The Hon Mary PICKFORD, CBE","Hammersmith, North",1931-10-27,1934-01-01,"Con",FALSE,NA,"marypickfordcbe",8
"Mrs Norah RUNGE, OBE","Bermondsey, Rotherhithe",1931-10-27,1935-11-14,"Con",FALSE,NA,"norahrungeobe",10
"Mrs Helen SHAW, MBE","Lanarkshire, Bothwell",1931-10-27,1935-11-14,"Con",FALSE,NA,"helenshawmbe",11
"Mrs Mavis TATE","Willesden, West",1931-10-27,1935-11-14,"Con",FALSE,NA,"mavistate",12
"Dame Irene WARD, CH","Wallsend",1931-10-27,1945-07-05,"Con",FALSE,NA,"irenewardch",13
"Mrs Sarah WARD","Staffordshire, Cannock",1931-10-27,1935-11-14,"Con",FALSE,NA,"sarahward",15
"Rt Hon Ellen WILKINSON","Jarrow",1935-11-14,1947-01-01,"Lab",FALSE,NA,"ellenwilkinson",3
"Mrs Mavis TATE","Somerset, Frome",1935-11-14,1945-07-05,"Con",FALSE,NA,"mavistate",5
"Frances, Viscountess DAVIDSON","Hertfordshire, Hemel Hempstead",1937-06-22,1959-10-08,"Con",TRUE,NA,"francesdavidson",7
"Mrs Agnes HARDIE","Glasgow, Springburn",1937-09-07,1945-07-05,"Lab",TRUE,NA,"agneshardie",8
"Rt Hon Dr Edith SUMMERSKILL, CH","Fulham",1938-04-06,1955-05-26,"Lab",TRUE,NA,"edithsummerskillch",4
"Mrs Jennie ADAMSON","Dartford",1938-11-07,1945-07-05,"Lab",TRUE,NA,"jennieadamson",10
"Mrs Beatrice WRIGHT","Cornwall, Bodmin",1941-03-11,1945-07-05,"Con",TRUE,NA,"beatricewright",11
"Lady Violet APSLEY,","Bristol, Central",1943-02-18,1945-07-05,"Con",TRUE,NA,"violetapsley",12
"Rt Hon Alice BACON, CBE","Leeds, North East",1945-07-05,1955-05-26,"Lab",FALSE,NA,"alicebaconcbe",1
"Mrs Bessie BRADDOCK","Liverpool, Exchange",1945-07-05,1970-06-18,"Lab",FALSE,NA,"bessiebraddock",2
"Rt Hon Barbara CASTLE","Blackburn",1945-07-05,1950-02-23,"Lab",FALSE,NA,"barbaracastle",5
"Miss Grace COLMAN","Tynemouth",1945-07-05,1950-02-23,"Lab",FALSE,NA,"gracecolman",6
"Mrs Freda CORBET","Camberwell, North-West",1945-07-05,1950-02-23,"Lab",FALSE,NA,"fredacorbet",8
"Mrs Caroline GANLEY","Battersea, South",1945-07-05,1951-10-25,"Lab",FALSE,NA,"carolineganley",10
"Mrs Barbara GOULD","Hendon, North",1945-07-05,1950-02-23,"Lab",FALSE,NA,"barbaragould",11
"Rt Hon Miss Margaret HERBISON","Lanarkshire, North",1945-07-05,1970-06-18,"Lab",FALSE,NA,"margaretherbison",12
"Mrs Jean MANN","Lanarkshire, Coatbridge",1945-07-05,1950-02-23,"Lab",FALSE,NA,"jeanmann",13
"Mrs Lucy MIDDLETON","Plymouth, Sutton",1945-07-05,1951-10-25,"Lab",FALSE,NA,"lucymiddleton",15
"Mrs Muriel NICHOL","Bradford, North",1945-07-05,1950-02-23,"Lab",FALSE,NA,"murielnichol",16
"Mrs Florence PATON","Nottinghamshire, Rushcliffe",1945-07-05,1950-02-23,"Lab",FALSE,NA,"florencepaton",17
"Mrs Mabel RIDEALGH","Ilford, North",1945-07-05,1950-02-23,"Lab",FALSE,NA,"mabelridealgh",18
"Mrs Clarice SHAW","Ayrshire & Bute, Kilmarnock",1945-07-05,1946-01-01,"Lab",FALSE,NA,"clariceshaw",19
"Mrs Edith WILLS","Birmingham, Duddeston",1945-07-05,1950-02-23,"Lab",FALSE,NA,"edithwills",20
"Rt Hon Miss Jennie LEE (Mrs A Bevan)","Staffordshire, Cannock",1945-07-05,1970-06-18,"Lab",FALSE,NA,"jennielee(abevan)",21
"Lady Lucy NOEL-BUXTON","Norwich",1945-07-05,1950-02-23,"Lab",FALSE,NA,"lucynoelbuxton",22
"Mrs Leah MANNING","Essex, Epping",1945-07-05,1950-02-23,"Lab",FALSE,NA,"leahmanning",23
"Mrs Jennie ADAMSON","Bexley",1945-07-05,1946-01-01,"Lab",FALSE,NA,"jennieadamson",24
"Priscilla, Lady TWEEDSMUIR","Aberdeen, South",1946-11-26,1966-03-31,"Con",TRUE,"(as Lady Grant of Monymusk to 1948)","priscillatweedsmuir",14
"Mrs Alice CULLEN","Glasgow, Gorbals",1948-09-30,1969-01-01,"Lab",TRUE,NA,"alicecullen",3
"Miss Elaine BURTON","Coventry, South",1950-02-23,1959-10-08,"Lab",FALSE,NA,"elaineburton",5
"Mrs Eveline HILL","Manchester, Wythenshawe",1950-02-23,1964-10-15,"Con",FALSE,NA,"evelinehill",6
"Rt Hon Dame Patricia HORNSBY-SMITH, DBE","Kent, Chislehurst",1950-02-23,1966-03-31,"Con",FALSE,NA,"patriciahornsbysmithdbe",8
"Mrs Dorothy REES","Glamorgan, Barry",1950-02-23,1951-10-25,"Lab",FALSE,NA,"dorothyrees",11
"Mrs Eirene WHITE","Flintshire, East",1950-02-23,1970-06-18,"Lab",FALSE,NA,"eirenewhite",13
"Rt Hon Dame Florence HORSBURGH","Manchester, Moss-Side",1950-02-23,1959-10-08,"Con",FALSE,"(First woman to move the Address in reply to the King's speech)","florencehorsburgh",16
"Dame Irene WARD, CH","Tynemouth",1950-02-23,1974-02-01,"Con",FALSE,NA,"irenewardch",17
"Rt Hon Barbara CASTLE","Blackburn East",1950-02-23,1955-05-26,"Lab",FALSE,NA,"barbaracastle",18
"Mrs Freda CORBET","Camberwell, Peckham",1950-02-23,1974-02-28,"Lab",FALSE,NA,"fredacorbet",19
"Mrs Jean MANN","Coatbridge and Airdire",1950-02-23,1959-10-08,"Lab",FALSE,NA,"jeanmann",20
"Mrs Harriet SLATER","Stoke-on-Trent, North",1953-03-31,1966-03-31,"Lab",TRUE,"(First woman Whip)","harrietslater",9
"Mrs Patricia FORD","Down, North",1953-04-15,1955-05-26,"UU",TRUE,NA,"patriciaford",10
"Dame Edith PITT, DBE","Birmingham, Edgbaston",1953-07-02,1966-03-31,"Con",TRUE,NA,"edithpittdbe",11
"Mrs Lena JEGER","Holborn & St Pancras, South",1953-11-19,1959-10-08,"Lab",TRUE,NA,"lenajeger",15
"Mrs Joyce BUTLER","Wood Green",1955-05-26,1979-05-03,"Lab",FALSE,NA,"joycebutler",1
"The Hon Mrs Evelyn EMMET","East Sussex, East Grinstead",1955-05-26,1964-10-15,"Con",FALSE,NA,"evelynemmet",4
"Mrs Patricia McLAUGHLIN","Belfast, West",1955-05-26,1964-10-15,"UU",FALSE,NA,"patriciamclaughlin",10
"Dame Joan VICKERS, DBE","Plymouth, Devonport",1955-05-26,1974-02-01,"Con",FALSE,NA,"joanvickersdbe",18
"Rt Hon Dr Edith SUMMERSKILL, CH","Warrington",1955-05-26,1961-01-01,"Lab",FALSE,NA,"edithsummerskillch",22
"Rt Hon Alice BACON, CBE","Leeds, South East",1955-05-26,1970-06-18,"Lab",FALSE,NA,"alicebaconcbe",23
"Rt Hon Barbara CASTLE","Blackburn",1955-05-26,1979-05-03,"Lab",FALSE,NA,"barbaracastle",24
"Miss Mervyn PIKE","Leicestershire, Melton",1956-12-19,1974-02-01,"Con",TRUE,NA,"mervynpike",25
"Lady Megan LLOYD GEORGE","Carmarthen",1957-01-01,1966-03-31,"Lib",TRUE,NA,"meganlloydgeorge",26
"Lady Muriel GAMMANS","Hornsey",1957-05-30,1966-03-31,"Con",TRUE,NA,"murielgammans",27
"Mrs Mary McALISTER","Glasgow, Kelvingrove",1958-03-13,1959-10-08,"Lab",TRUE,NA,"marymcalister",28
"Rt Hon Betty HARVIE ANDERSON OBE, TD","Renfrewshire, East",1959-10-08,1979-05-03,"Con",FALSE,"(Deputy Chairman of Ways and Means)","bettyharvieandersonobetd",5
"Rt Hon Dame Judith HART, DBE","Lanark",1959-10-08,1983-06-09,"Lab",FALSE,NA,"judithhartdbe",7
"Rt Hon Margaret THATCHER","Finchley",1959-10-08,1992-04-09,"Con",FALSE,"(First woman Prime Minister)","margaretthatcher",15
"Miss Joan QUENNELL MBE","Petersfield",1960-11-16,1974-10-01,"Con",TRUE,NA,"joanquennellmbe",16
"Mrs Anne KERR","Rochester & Chatham",1964-10-15,1970-06-18,"Lab",FALSE,NA,"annekerr",4
"Mrs Margaret McKAY","Wandsworth, Clapham",1964-10-15,1970-06-18,"Lab",FALSE,NA,"margaretmckay",6
"Mrs Renee SHORT","Wolverhampton, North-East",1964-10-15,1987-06-11,"Lab",FALSE,NA,"reneeshort",10
"Dr the Hon Shirley SUMMERSKILL","Halifax",1964-10-15,1983-06-09,"Lab",FALSE,NA,"theshirleysummerskill",20
"Rt Hon Shirley WILLIAMS","Hertfordshire, Hitchin",1964-10-15,1979-05-03,"Lab",FALSE,NA,"shirleywilliams",22
"Mrs Lena JEGER","Holborn & St Pancras, South",1964-10-15,1979-05-03,"Lab",FALSE,NA,"lenajeger",28
"Mrs Gwyneth DUNWOODY","Exeter",1966-03-31,1970-06-18,"Lab",FALSE,NA,"gwynethdunwoody",8
"Dame Jill KNIGHT, DBE","Birmingham, Edgbaston",1966-03-31,1997-05-01,"Con",FALSE,NA,"jillknightdbe",9
"Miss Joan LESTOR","Eton & Slough",1966-03-31,1983-06-09,"Lab",FALSE,NA,"joanlestor",11
"Mrs Winifred EWING","Lanarkshire, Hamilton",1967-11-02,1970-06-18,"SNP",TRUE,NA,"winifredewing",14
"Miss Bernadette DEVLIN","Mid-Ulster",1969-04-17,1974-02-28,"Ind. Unity",TRUE,"(Youngest woman MP at 21 yrs)","bernadettedevlin",3
"Dame Peggy FENNER, DBE","Rochester & Chatham",1970-06-18,1974-10-01,"Con",FALSE,NA,"peggyfennerdbe",2
"Mrs Doris FISHER","Birmingham, Ladywood",1970-06-18,1974-02-01,"Lab",FALSE,NA,"dorisfisher",4
"Dame Janet FOOKES, DBE","Merton & Morden",1970-06-18,1974-02-01,"Con",FALSE,"(Second Deputy Chairman of Ways and Means)","janetfookesdbe",6
"Miss Joan HALL","Keighley",1970-06-18,1974-02-28,"Con",FALSE,NA,"joanhall",8
"Miss Mary HOLT","Preston, North",1970-06-18,1974-02-28,"Con",FALSE,NA,"maryholt",12
"Dame Elaine KELLETT-BOWMAN, DBE","Lancaster",1970-06-18,1997-05-01,"Con",FALSE,NA,"elainekellettbowmandbe",13
"Mrs Constance MONKS OBE","Chorley",1970-06-18,1974-02-01,"Con",FALSE,NA,"constancemonksobe",14
"Rt Hon Sally OPPENHEIM","Gloucester",1970-06-18,1987-06-11,"Con",FALSE,NA,"sallyoppenheim",21
"Rt Hon Dame Patricia HORNSBY-SMITH, DBE","Kent, Chislehurst",1970-06-18,1974-02-01,"Con",FALSE,NA,"patriciahornsbysmithdbe",23
"Rt Hon Betty BOOTHROYD","West Bromwich",1973-05-24,1974-02-01,"Lab",TRUE,"(First woman Speaker)","bettyboothroyd",26
"Mrs Margo MACDONALD","Glasgow, Govan",1973-11-08,1974-02-28,"SNP",TRUE,NA,"margomacdonald",27
"Rt Hon Lynda CHALKER","Wallasey",1974-02-28,1992-04-09,"Con",FALSE,NA,"lyndachalker",3
"Mrs Maureen COLQUHOUN","Northampton, North",1974-02-28,1979-05-03,"Lab",FALSE,NA,"maureencolquhoun",4
"Jo RICHARDSON","Barking",1974-02-28,1994-02-01,"Lab",FALSE,NA,"jorichardson",6
"Audrey WISE","Coventry, South-West",1974-02-28,1979-05-03,"Lab",FALSE,NA,"audreywise",8
"Rt Hon Shirley WILLIAMS","Hertford & Stevenage",1974-02-28,1979-05-03,"Lab",FALSE,NA,"shirleywilliams",12
"Mrs Gwyneth DUNWOODY","Crewe",1974-02-28,1983-06-09,"Lab",FALSE,NA,"gwynethdunwoody",14
"Mrs Winifred EWING","Moray & Nairn",1974-02-28,1979-05-03,"SNP",FALSE,NA,"winifredewing",17
"Dame Janet FOOKES, DBE","Plymouth, Drake",1974-02-28,1997-05-01,"Con",FALSE,"(Second Deputy Chairman of Ways and Means)","janetfookesdbe",18
"Rt Hon Betty BOOTHROYD","West Bromwich, West",1974-02-28,2000-01-01,"Lab",FALSE,"(First woman Speaker)","bettyboothroyd",19
"Mrs Margaret BAIN","East Dunbartonshire",1974-10-10,1979-05-03,"SNP",FALSE,"(later Mrs EWING)","margaretbain",2
"Mrs Helene HAYMAN","Welwyn & Hatfield",1974-10-10,1979-05-03,"Lab",FALSE,NA,"helenehayman",16
"Rt Hon Dame Margaret BECKETT","Lincoln",1974-10-10,1979-05-03,"Lab",FALSE,"(later Mrs BECKETT, then Rt Hon Dame Margaret BECKETT)","margaretbeckett",23
"Miss Joan MAYNARD","Sheffield, Brightside",1974-10-10,1987-06-11,"Lab",FALSE,NA,"joanmaynard",25
"Mrs Millie MILLER","Ilford North",1974-10-10,1977-01-01,"Lab",FALSE,NA,"milliemiller",26
"Rt Hon Ann TAYLOR","Bolton, West",1974-10-10,1983-06-09,"Lab",FALSE,"(First woman Chief Whip)","anntaylor",27
"Dr Oonagh McDONALD","Thurrock",1976-07-15,1987-06-11,"Lab",TRUE,NA,"oonaghmcdonald",29
"Mrs Sheila FAITH","Belper",1979-05-03,1983-06-09,"Con",FALSE,NA,"sheilafaith",1
"Miss Sheila WRIGHT","Birmingham, Handsworth",1979-05-03,1983-06-09,"Lab",FALSE,NA,"sheilawright",2
"Dame Peggy FENNER, DBE","Medway",1979-05-03,1997-05-01,"Con",FALSE,NA,"peggyfennerdbe",4
"Rt Hon Shirley WILLIAMS","Crosby",1981-01-01,1983-06-09,"Lab",TRUE,NA,"shirleywilliams",5
"Dame Angela RUMBOLD, DBE","Merton, Mitcham and Morden",1982-06-03,1983-06-09,"Con",TRUE,NA,"angelarumbolddbe",8
"Rt Hon Harriet HARMAN","Peckham",1982-10-28,1997-05-01,"Lab",TRUE,NA,"harrietharman",12
"Mrs Helen McELHONE","Glasgow, Queen's Park",1982-12-02,1983-06-09,"Lab",TRUE,NA,"helenmcelhone",16
"Mrs Edwina CURRIE","South Derbyshire",1983-06-09,1997-05-01,"Con",FALSE,NA,"edwinacurrie",1
"Mrs Anna McCURLEY","Renfrew West & Inverclyde",1983-06-09,1987-06-11,"Con",FALSE,NA,"annamccurley",2
"Mrs Elizabeth PEACOCK","Batley & Spen",1983-06-09,1997-05-01,"Con",FALSE,NA,"elizabethpeacock",5
"Mrs Marion ROE","Broxbourne",1983-06-09,2005-05-05,"Con",FALSE,NA,"marionroe",7
"Rt Hon Clare SHORT","Birmingham, Ladywood",1983-06-09,2010-05-06,"Lab",FALSE,NA,"clareshort",8
"Mrs Ann WINTERTON","Congleton",1983-06-09,2010-05-06,"Con",FALSE,NA,"annwinterton",11
"Rt Hon Dame Judith HART, DBE","Clydesdale",1983-06-09,1987-06-11,"Lab",FALSE,NA,"judithhartdbe",14
"Mrs Gwyneth DUNWOODY","Crewe & Nantwich",1983-06-09,2008-04-18,"Lab",FALSE,NA,"gwynethdunwoody",16
"Rt Hon Dame Margaret BECKETT","Derby, South",1983-06-09,2020-01-01,"Lab",FALSE,"(later Mrs BECKETT, then Rt Hon Dame Margaret BECKETT)","margaretbeckett",17
"Dame Angela RUMBOLD, DBE","Mitcham and Morden",1983-06-09,1997-05-01,"Con",FALSE,NA,"angelarumbolddbe",20
"Rt Hon Virginia BOTTOMLEY","South West Surrey",1984-05-03,2005-05-05,"Con",TRUE,NA,"virginiabottomley",22
"Rt Hon Ann CLWYD","Cynon Valley",1984-05-03,2020-01-01,"Lab",TRUE,NA,"annclwyd",23
"Mrs Elizabeth SHIELDS","Ryedale",1986-05-08,1987-06-11,"Lib",TRUE,NA,"elizabethshields",24
"Mrs Llin GOLDING","Newcastle-under-Lyme",1986-07-17,2001-06-07,"Lab",TRUE,NA,"llingolding",26
"Mrs Rosie BARNES","Greenwich",1987-02-26,1992-04-09,"SDP",TRUE,NA,"rosiebarnes",27
"Miss Diane ABBOTT","Hackney North & Stoke Newington",1987-06-11,2020-01-01,"Lab",FALSE,NA,"dianeabbott",2
"Rt Hon Hilary ARMSTRONG","North West Durham",1987-06-11,2010-05-06,"Lab",FALSE,NA,"hilaryarmstrong",10
"Mrs Maria FYFE","Glasgow, Maryhill",1987-06-11,2001-06-07,"Lab",FALSE,NA,"mariafyfe",14
"Mrs Mildred GORDON","Bow & Poplar",1987-06-11,1997-05-01,"Lab",FALSE,NA,"mildredgordon",21
"Mrs Teresa GORMAN","Billericay",1987-06-11,2001-06-07,"Con",FALSE,NA,"teresagorman",24
"Mrs Maureen HICKS","Wolverhampton, North East",1987-06-11,1992-04-09,"Con",FALSE,NA,"maureenhicks",25
"Mrs Alice MAHON","Halifax",1987-06-11,2005-05-05,"Lab",FALSE,NA,"alicemahon",28
"Mrs Ray MICHIE","Argyll & Bute",1987-06-11,2001-06-07,"LD",FALSE,NA,"raymichie",29
"Rt Hon Marjorie MOWLAM","Redcar",1987-06-11,2001-06-07,"Lab",FALSE,NA,"marjoriemowlam",30
"Emma NICHOLSON","Devon, West & Torridge",1987-06-11,1997-05-01,"Con",FALSE,NA,"emmanicholson",31
"Rt Hon Dame Dawn PRIMAROLO","Bristol South",1987-06-11,2015-05-07,"Lab",FALSE,"(Second Deputy Chairman of Ways and Means)","dawnprimarolo",32
"Rt Hon Joyce QUIN","Gateshead, East",1987-06-11,1997-05-01,"Lab",FALSE,NA,"joycequin",33
"Rt Hon Dame Joan RUDDOCK","Lewisham, Deptford",1987-06-11,2015-03-30,"Lab",FALSE,NA,"joanruddock",34
"Rt Hon Gillian SHEPHARD","South West Norfolk",1987-06-11,2005-05-05,"Con",FALSE,NA,"gillianshephard",35
"Ms Joan WALLEY","Stoke-on-Trent North",1987-06-11,2015-03-30,"Lab",FALSE,NA,"joanwalley",36
"Rt Hon Ann WIDDECOMBE","Maidstone",1987-06-11,1997-05-01,"Con",FALSE,NA,"annwiddecombe",37
"Miss Joan LESTOR","Eccles",1987-06-11,1997-05-01,"Lab",FALSE,NA,"joanlestor",38
"Audrey WISE","Preston",1987-06-11,2000-09-02,"Lab",FALSE,NA,"audreywise",39
"Mrs Margaret BAIN","Moray",1987-06-11,2001-06-07,"SNP",FALSE,"(later Mrs EWING)","margaretbain",40
"Rt Hon Ann TAYLOR","Dewsbury",1987-06-11,2005-05-05,"Lab",FALSE,"(First woman Chief Whip)","anntaylor",41
"Miss Kate HOEY","Vauxhall",1989-06-15,2020-01-01,"Lab",TRUE,NA,"katehoey",42
"Mrs Sylvia HEAL","Mid-Staffordshire",1990-03-22,1992-04-09,"Lab",TRUE,"(Deputy Chairman of Ways and Means)","sylviaheal",43
"Irene ADAMS","Paisley North",1990-11-29,2005-05-05,"Lab",TRUE,NA,"ireneadams",44
"Janet ANDERSON","Rossendale & Darwen",1992-04-09,2010-05-06,"Lab",FALSE,NA,"janetanderson",3
"Mrs Angela BROWNING","Tiverton",1992-04-09,1997-05-01,"Con",FALSE,NA,"angelabrowning",15
"Mrs Anne CAMPBELL","Cambridge",1992-04-09,2005-05-05,"Lab",FALSE,NA,"annecampbell",25
"Mrs Judith CHAPLIN","Newbury",1992-04-09,1993-02-19,"Con",FALSE,NA,"judithchaplin",27
"Ms Ann COFFEY","Stockport",1992-04-09,2020-01-01,"Lab",FALSE,NA,"anncoffey",43
"Rt Hon Jean CORSTON","Bristol East",1992-04-09,2005-05-05,"Lab",FALSE,NA,"jeancorston",45
"Angela EAGLE","Wallasey",1992-04-09,2020-01-01,"Lab",FALSE,NA,"angelaeagle",46
"Rt Hon Cheryl GILLAN","Chesham & Amersham",1992-04-09,2020-01-01,"Con",FALSE,NA,"cherylgillan",47
"Ms Glenda JACKSON","Hampstead & Highgate",1992-04-09,2010-05-06,"Lab",FALSE,NA,"glendajackson",48
"Helen JACKSON","Sheffield, Hillsborough",1992-04-09,2005-05-05,"Lab",FALSE,NA,"helenjackson",49
"Dr Lynne JONES","Birmingham, Selly Oak",1992-04-09,2010-05-06,"Lab",FALSE,NA,"lynnejones",50
"Rt Hon Dame Tessa JOWELL","Dulwich",1992-04-09,1997-05-01,"Lab",FALSE,NA,"tessajowell",51
"Rt Hon Jane KENNEDY","Liverpool, Broad Green",1992-04-09,1997-05-01,"Lab",FALSE,NA,"janekennedy",52
"Mrs Angela KNIGHT","Erewash",1992-04-09,1997-05-01,"Con",FALSE,NA,"angelaknight",53
"Mrs Jacqui LAIT","Hastings & Rye",1992-04-09,1997-05-01,"Con",FALSE,NA,"jacquilait",54
"Ms Liz LYNNE","Rochdale",1992-04-09,1997-05-01,"LD",FALSE,NA,"lizlynne",55
"Lady Olga MAITLAND","Sutton & Cheam",1992-04-09,1997-05-01,"Con",FALSE,NA,"olgamaitland",56
"Rt Hon Estelle MORRIS","Birmingham, Yardley",1992-04-09,2005-05-05,"Lab",FALSE,NA,"estellemorris",57
"Ms Bridget PRENTICE","Lewisham East",1992-04-09,2010-05-06,"Lab",FALSE,NA,"bridgetprentice",58
"Mrs Barbara ROCHE","Hornsey & Wood Green",1992-04-09,2005-05-05,"Lab",FALSE,NA,"barbararoche",59
"Ms Rachel SQUIRE","Dunfermline West",1992-04-09,2005-05-05,"Lab",FALSE,NA,"rachelsquire",60
"Mrs Diana MADDOCK","Christchurch",1993-07-29,1997-05-01,"LD",TRUE,NA,"dianamaddock",27
"Ms Judith CHURCH","Dagenham",1994-06-09,2001-06-07,"Lab",TRUE,NA,"judithchurch",6
"Rt Hon Margaret HODGE","Barking",1994-06-09,2020-01-01,"Lab",TRUE,NA,"margarethodge",61
"Rt Hon Helen LIDDELL","Monklands East",1994-06-30,1997-05-01,"Lab",TRUE,NA,"helenliddell",62
"Ms Roseanna CUNNINGHAM","Perth & Kinross",1995-06-25,1997-05-01,"SNP",TRUE,NA,"roseannacunningham",63
"Mrs Jacqui LAIT","Beckenham",1997-01-01,2010-05-06,"Con",TRUE,NA,"jacquilait",64
"Ms  Candy ATHERTON","Falmouth and Camborne",1997-05-01,2005-05-05,"Lab",FALSE,NA,"candyatherton",1
"Ms Charlotte ATKINS","Staffordshire Moorlands",1997-05-01,2010-05-06,"Lab",FALSE,NA,"charlotteatkins",4
"Mrs Jackie BALLARD","Taunton",1997-05-01,2001-06-07,"LD",FALSE,NA,"jackieballard",5
"Dame Anne BEGG","Aberdeen South",1997-05-01,2015-03-30,"Lab",FALSE,NA,"annebegg",9
"Mrs Liz BLACKMAN","Erewash",1997-05-01,2010-05-06,"Lab",FALSE,NA,"lizblackman",12
"Rt Hon Hazel BLEARS","Salford",1997-05-01,2010-05-06,"Lab",FALSE,NA,"hazelblears",13
"Mrs Helen BRINTON","Peterborough",1997-05-01,2005-05-05,"Lab",FALSE,"(Later Mrs Helen Clark)","helenbrinton",15
"Ms Karen BUCK","Regent's Park and Kensington North",1997-05-01,2010-05-06,"Lab",FALSE,NA,"karenbuck",18
"Mrs Christine BUTLER","Castle Point",1997-05-01,2001-06-07,"Lab",FALSE,NA,"christinebutler",20
"Dr Lynda CLARK, QC","Edinburgh, Pentlands",1997-05-01,2005-05-05,"Lab",FALSE,NA,"lyndaclarkqc",21
"Rt Hon Yvette COOPER","Pontefract and Castleford",1997-05-01,2010-05-06,"Lab",FALSE,NA,"yvettecooper",27
"Mrs Ann CRYER","Keighley",1997-05-01,2010-05-06,"Lab",FALSE,NA,"anncryer",31
"Ms Claire CURTIS-THOMAS","Crosby",1997-05-01,2010-05-06,"Lab",FALSE,NA,"clairecurtisthomas",33
"Valerie DAVEY","Bristol West",1997-05-01,2005-05-05,"Lab",FALSE,NA,"valeriedavey",37
"Mrs Janet DEAN","Burton",1997-05-01,2010-05-06,"Lab",FALSE,NA,"janetdean",38
"Julia DROWN","South Swindon",1997-05-01,2005-05-05,"Lab",FALSE,NA,"juliadrown",51
"Maria EAGLE","Liverpool, Garston",1997-05-01,2010-05-06,"Lab",FALSE,NA,"mariaeagle",52
"Mrs Louise ELLMAN","Liverpool, Riverside",1997-05-01,2020-01-01,"Lab",FALSE,NA,"louiseellman",53
"Ms Lorna FITZSIMONS","Rochdale",1997-05-01,2005-05-05,"Lab",FALSE,NA,"lornafitzsimons",54
"Rt Hon Caroline FLINT","Don Valley",1997-05-01,2020-01-01,"Lab",FALSE,NA,"carolineflint",55
"Ms Barbara FOLLETT","Stevenage",1997-05-01,2010-05-06,"Lab",FALSE,NA,"barbarafollett",56
"Mrs Linda GILROY","Plymouth, Sutton",1997-05-01,2010-05-06,"Lab",FALSE,NA,"lindagilroy",62
"Eileen GORDON","Romford",1997-05-01,2001-06-07,"Lab",FALSE,NA,"eileengordon",63
"Jane GRIFFITHS","Reading East",1997-05-01,2005-05-05,"Lab",FALSE,NA,"janegriffiths",65
"Rt Hon Patricia HEWITT","Leicester West",1997-05-01,2010-05-06,"Lab",FALSE,NA,"patriciahewitt",66
"Rt Hon Beverley HUGHES","Stretford and Urmston",1997-05-01,2010-05-06,"Lab",FALSE,NA,"beverleyhughes",67
"Mrs Joan HUMBLE","Blackpool North and Fleetwood",1997-05-01,2010-05-06,"Lab",FALSE,NA,"joanhumble",68
"Miss Melanie JOHNSON","Welwyn Hatfield",1997-05-01,2005-05-05,"Lab",FALSE,NA,"melaniejohnson",69
"Mrs Fiona JONES","Newark",1997-05-01,2001-06-07,"Lab",FALSE,NA,"fionajones",70
"Helen JONES","Warrington North",1997-05-01,2020-01-01,"Lab",FALSE,NA,"helenjones",71
"Ms Jenny JONES","Wolverhampton South West",1997-05-01,2001-06-07,"Lab",FALSE,NA,"jennyjones",72
"Ms Sally KEEBLE","Northampton North",1997-05-01,2010-05-06,"Lab",FALSE,NA,"sallykeeble",73
"Ann KEEN","Brentford and Isleworth",1997-05-01,2010-05-06,"Lab",FALSE,NA,"annkeen",74
"Rt Hon Ruth KELLY","Bolton West",1997-05-01,2010-05-06,"Lab",FALSE,NA,"ruthkelly",75
"Ms Oona KING","Bethnal Green and Bow",1997-05-01,2005-05-05,"Lab",FALSE,NA,"oonaking",76
"Ms Tess KINGHAM","Gloucester",1997-05-01,2001-06-07,"Lab",FALSE,NA,"tesskingham",77
"Miss Julie KIRKBRIDE","Bromsgrove",1997-05-01,2010-05-06,"Con",FALSE,NA,"juliekirkbride",78
"Mrs Eleanor LAING","Epping Forest",1997-05-01,2020-01-01,"Con",FALSE,NA,"eleanorlaing",79
"Ms Jackie LAWRENCE","Preseli Pembrokeshire",1997-05-01,2005-05-05,"Lab",FALSE,NA,"jackielawrence",80
"Fiona MACTAGGART","Slough",1997-05-01,2017-05-03,"Lab",FALSE,NA,"fionamactaggart",81
"Judy MALLABER","Amber Valley",1997-05-01,2010-05-06,"Lab",FALSE,NA,"judymallaber",82
"Rt Hon Theresa MAY","Maidenhead",1997-05-01,2020-01-01,"Con",FALSE,NA,"theresamay",83
"Ms Chris McCAFFERTY","Calder Valley",1997-05-01,2010-05-06,"Lab",FALSE,NA,"chrismccafferty",84
"Ms Siobhain McDONAGH","Mitcham and Morden",1997-05-01,2020-01-01,"Lab",FALSE,NA,"siobhainmcdonagh",85
"Rt Hon Anne McGUIRE","Stirling",1997-05-01,2015-03-30,"Lab",FALSE,NA,"annemcguire",86
"Anne McINTOSH","Vale of York",1997-05-01,2010-05-06,"Con",FALSE,NA,"annemcintosh",87
"Shona McISAAC","Cleethorpes",1997-05-01,2010-05-06,"Lab",FALSE,NA,"shonamcisaac",88
"Mrs Rosemary McKENNA, CBE","Cumbernauld and Kilsyth",1997-05-01,2005-05-05,"Lab",FALSE,NA,"rosemarymckennacbe",89
"Ms Gillian MERRON","Lincoln",1997-05-01,2010-05-06,"Lab",FALSE,NA,"gillianmerron",90
"Laura MOFFATT","Crawley",1997-05-01,2010-05-06,"Lab",FALSE,NA,"lauramoffatt",91
"Ms Margaret MORAN","Luton South",1997-05-01,2010-05-06,"Lab",FALSE,NA,"margaretmoran",92
"Ms Julie MORGAN","Cardiff North",1997-05-01,2010-05-06,"Lab",FALSE,NA,"juliemorgan",93
"Ms Kali MOUNTFORD","Colne Valley",1997-05-01,2010-05-06,"Lab",FALSE,NA,"kalimountford",94
"Mrs Diana ORGAN","Forest of Dean",1997-05-01,2005-05-05,"Lab",FALSE,NA,"dianaorgan",95
"Ms Sandra OSBORNE","Ayr",1997-05-01,2005-05-05,"Lab",FALSE,NA,"sandraosborne",96
"Ms Linda PERHAM","Ilford North",1997-05-01,2005-05-05,"Lab",FALSE,NA,"lindaperham",97
"Christine RUSSELL","Chester, City of",1997-05-01,2010-05-06,"Lab",FALSE,NA,"christinerussell",98
"Joan RYAN","Enfield North",1997-05-01,2010-05-06,"Lab",FALSE,NA,"joanryan",99
"Ms Debra SHIPLEY","Stourbridge",1997-05-01,2005-05-05,"Lab",FALSE,NA,"debrashipley",100
"Rt Hon Angela E SMITH","Basildon",1997-05-01,2010-05-06,"Lab",FALSE,NA,"angelaesmith",101
"Miss Geraldine SMITH","Morecambe and Lunesdale",1997-05-01,2010-05-06,"Lab",FALSE,NA,"geraldinesmith",102
"Rt Hon Jacqui SMITH","Redditch",1997-05-01,2010-05-06,"Lab",FALSE,NA,"jacquismith",103
"Ms Helen SOUTHWORTH","Warrington South",1997-05-01,2010-05-06,"Lab",FALSE,NA,"helensouthworth",104
"Rt Hon Caroline SPELMAN","Meriden",1997-05-01,2020-01-01,"Con",FALSE,NA,"carolinespelman",105
"Dr Phyllis STARKEY","Milton Keynes South West",1997-05-01,2010-05-06,"Lab",FALSE,NA,"phyllisstarkey",106
"Ms Gisela STUART","Birmingham, Edgbaston",1997-05-01,2017-05-03,"Lab",FALSE,NA,"giselastuart",107
"Ms Dari TAYLOR","Stockton South",1997-05-01,2010-05-06,"Lab",FALSE,NA,"daritaylor",108
"Dr Jenny TONGE","Richmond Park",1997-05-01,2005-05-05,"LD",FALSE,NA,"jennytonge",109
"Ms Claire WARD","Watford",1997-05-01,2010-05-06,"Lab",FALSE,NA,"claireward",110
"Mrs Betty WILLIAMS","Conwy",1997-05-01,2010-05-06,"Lab",FALSE,NA,"bettywilliams",111
"Rt Hon Rosie WINTERTON","Doncaster Central",1997-05-01,2020-01-01,"Lab",FALSE,NA,"rosiewinterton",112
"Rt Hon Harriet HARMAN","Camberwell & Peckham",1997-05-01,2020-01-01,"Lab",FALSE,NA,"harrietharman",113
"Rt Hon Joyce QUIN","Gateshead East and Washington West",1997-05-01,2005-05-05,"Lab",FALSE,NA,"joycequin",114
"Rt Hon Ann WIDDECOMBE","Maidstone and the Weald",1997-05-01,2010-05-06,"Con",FALSE,NA,"annwiddecombe",115
"Mrs Sylvia HEAL","Halesowen and Rowley Regis",1997-05-01,2010-05-06,"Lab",FALSE,"(Deputy Chairman of Ways and Means)","sylviaheal",116
"Mrs Angela BROWNING","Tiverton & Honiton",1997-05-01,2010-05-06,"Con",FALSE,NA,"angelabrowning",117
"Rt Hon Dame Tessa JOWELL","Dulwich & West Norwood",1997-05-01,2015-05-07,"Lab",FALSE,NA,"tessajowell",118
"Rt Hon Jane KENNEDY","Liverpool Wavertree",1997-05-01,2010-05-06,"Lab",FALSE,NA,"janekennedy",119
"Rt Hon Helen LIDDELL","Airdrie and Shotts",1997-05-01,2005-05-05,"Lab",FALSE,NA,"helenliddell",120
"Ms Roseanna CUNNINGHAM","Perth",1997-05-01,2001-06-07,"SNP",FALSE,NA,"roseannacunningham",121
"Sandra GIDLEY","Romsey",2000-05-04,2010-05-06,"LD",TRUE,NA,"sandragidley",19
"Vera BAIRD","Redcar",2001-06-07,2010-05-06,"Lab",FALSE,NA,"verabaird",5
"Annette BROOKE","Mid Dorset & North Poole",2001-06-07,2015-03-30,"LD",FALSE,NA,"annettebrooke",6
"Patsy CALTON","Cheadle",2001-06-07,2005-05-29,"LD",FALSE,NA,"patsycalton",14
"Sue DOUGHTY","Guildford",2001-06-07,2005-05-05,"LD",FALSE,NA,"suedoughty",20
"Annabelle EWING","Perth",2001-06-07,2005-05-05,"SNP",FALSE,NA,"annabelleewing",24
"Michelle GILDERNEW","Fermanagh & South Tyrone",2001-06-07,2015-05-07,"SF",FALSE,"Did not take seat","michellegildernew",26
"Lady Sylvia HERMON","North Down",2001-06-07,2020-01-01,"UU",FALSE,NA,"sylviahermon",29
"Ann McKECHIN","Glasgow Maryhill",2001-06-07,2005-05-05,"Lab",FALSE,NA,"annmckechin",30
"Meg MUNN","Sheffield, Heeley",2001-06-07,2015-03-30,"Lab",FALSE,NA,"megmunn",39
"Anne PICKING (2005 = Moffat)","East Lothian",2001-06-07,2010-05-06,"Lab",FALSE,NA,"annepicking(2005=moffat)",40
"Iris ROBINSON","Strangford",2001-06-07,2010-01-13,"DU",FALSE,NA,"irisrobinson",63
"Angela WATKINSON","Upminster",2001-06-07,2010-05-06,"Con",FALSE,NA,"angelawatkinson",70
"Sarah TEATHER","Brent East",2003-09-18,2010-05-06,"LD",TRUE,NA,"sarahteather",72
"Celia BARLOW","Hove",2005-05-05,2010-05-06,"Lab",FALSE,NA,"celiabarlow",1
"Roberta BLACKMAN-WOODS","Durham, City of",2005-05-05,2020-01-01,"Lab",FALSE,NA,"robertablackmanwoods",7
"Lyn BROWN","West Ham",2005-05-05,2020-01-01,"Lab",FALSE,NA,"lynbrown",15
"Lorely BURT","Solihull",2005-05-05,2015-05-07,"LD",FALSE,NA,"lorelyburt",20
"Dawn BUTLER","Brent South (2005-10)",2005-05-05,2010-05-06,"Lab",FALSE,NA,"dawnbutler",21
"Katy CLARK","North Ayrshire and Arran",2005-05-05,2015-03-30,"Lab",FALSE,NA,"katyclark",22
"Rosie COOPER","West Lancashire",2005-05-05,2020-01-01,"Lab",FALSE,NA,"rosiecooper",24
"Mary CREAGH","Wakefield",2005-05-05,2020-01-01,"Lab",FALSE,NA,"marycreagh",25
"Nadine DORRIES","Mid Bedfordshire",2005-05-05,2020-01-01,"Con",FALSE,NA,"nadinedorries",28
"Natascha ENGEL","North East Derbyshire",2005-05-05,2017-05-03,"Lab",FALSE,NA,"nataschaengel",30
"Lynne FEATHERSTONE","Hornsey and Wood Green",2005-05-05,2015-05-07,"LD",FALSE,NA,"lynnefeatherstone",35
"Julia GOLDSWORTHY","Falmouth & Camborne",2005-05-05,2010-05-06,"LD",FALSE,NA,"juliagoldsworthy",37
"Helen GOODMAN","Bishop Auckland",2005-05-05,2020-01-01,"Lab",FALSE,NA,"helengoodman",41
"Rt Hon Justine GREENING","Putney",2005-05-05,2020-01-01,"Con",FALSE,NA,"justinegreening",44
"Nia GRIFFITH","Llanelli",2005-05-05,2020-01-01,"Lab",FALSE,NA,"niagriffith",45
"Meg HILLIER","Hackney South and Shoreditch",2005-05-05,2020-01-01,"Lab",FALSE,NA,"meghillier",49
"Sharon HODGSON","Gateshead East & Washington West",2005-05-05,2010-05-06,"Lab",FALSE,NA,"sharonhodgson",51
"Sian C JAMES","Swansea East",2005-05-05,2015-03-30,"Lab",FALSE,NA,"siancjames",54
"Diana R JOHNSON","Kingston upon Hull North",2005-05-05,2020-01-01,"Lab",FALSE,NA,"dianarjohnson",57
"Barbara KEELEY","Worsley",2005-05-05,2010-05-06,"Lab",FALSE,NA,"barbarakeeley",59
"Susan KRAMER","Richmond Park",2005-05-05,2010-05-06,"LD",FALSE,NA,"susankramer",60
"Kerry McCARTHY","Bristol East",2005-05-05,2020-01-01,"Lab",FALSE,NA,"kerrymccarthy",65
"Sarah McCARTHY-FRY","Portsmouth North",2005-05-05,2010-05-06,"Lab",FALSE,NA,"sarahmccarthyfry",69
"Anne MAIN","St Albans",2005-05-05,2020-01-01,"Con",FALSE,NA,"annemain",76
"Rt Hon Maria MILLER","Basingstoke",2005-05-05,2020-01-01,"Con",FALSE,NA,"mariamiller",77
"Anne MILTON","Guildford",2005-05-05,2020-01-01,"Con",FALSE,NA,"annemilton",80
"Madeleine MOON","Bridgend",2005-05-05,2020-01-01,"Lab",FALSE,NA,"madeleinemoon",89
"Jessica MORDEN","Newport East",2005-05-05,2020-01-01,"Lab",FALSE,NA,"jessicamorden",95
"Linda RIORDAN","Halifax",2005-05-05,2015-03-30,"Lab",FALSE,NA,"lindariordan",96
"Alison SEABECK","Plymouth, Devonport",2005-05-05,2010-05-06,"Lab",FALSE,NA,"alisonseabeck",97
"Angela C SMITH","Sheffield, Hillsborough",2005-05-05,2010-05-06,"Lab",FALSE,NA,"angelacsmith",100
"Anne SNELGROVE","South Swindon",2005-05-05,2010-05-06,"Lab",FALSE,NA,"annesnelgrove",109
"Jo SWINSON","East Dunbartonshire",2005-05-05,2015-05-07,"LD",FALSE,NA,"joswinson",114
"Emily THORNBERRY","Islington South & Finsbury",2005-05-05,2020-01-01,"Lab",FALSE,NA,"emilythornberry",120
"Kitty USSHER","Burnley",2005-05-05,2010-05-06,"Lab",FALSE,NA,"kittyussher",121
"Rt Hon Theresa VILLIERS","Chipping Barnet",2005-05-05,2020-01-01,"Con",FALSE,NA,"theresavilliers",122
"Lynda WALTHO","Stourbridge",2005-05-05,2010-05-06,"Lab",FALSE,NA,"lyndawaltho",123
"Jenny WILLOTT","Cardiff Central",2005-05-05,2015-03-30,"LD",FALSE,NA,"jennywillott",124
"Ms Rachel SQUIRE","Dunfermline and West Fife",2005-05-05,2006-01-06,"Lab",FALSE,NA,"rachelsquire",125
"Mrs Rosemary McKENNA, CBE","Cumbernauld, Kilsyth and Kirkintilloch East",2005-05-05,2010-05-06,"Lab",FALSE,NA,"rosemarymckennacbe",126
"Ms Sandra OSBORNE","Ayr, Carrick and Cumnock",2005-05-05,2015-03-30,"Lab",FALSE,NA,"sandraosborne",127
"Ann McKECHIN","Glasgow North",2005-05-05,2015-03-30,"Lab",FALSE,NA,"annmckechin",128
"Chloe SMITH","Norwich North",2009-07-23,2020-01-01,"Con",TRUE,NA,"chloesmith",14
"Heidi ALEXANDER","Lewisham East",2010-05-06,2020-01-01,"Lab",FALSE,NA,"heidialexander",1
"Rushanara ALI","Bethnal Green and Bow",2010-05-06,2020-01-01,"Lab",FALSE,NA,"rushanaraali",3
"Ms Louise BAGSHAWE","Corby",2010-05-06,2012-01-01,"Con",FALSE,"(later Mrs Louise MENSCH)","louisebagshawe",4
"Harriett BALDWIN","West Worcestershire",2010-05-06,2020-01-01,"Con",FALSE,NA,"harriettbaldwin",5
"Luciana BERGER","Liverpool, Wavertree",2010-05-06,2020-01-01,"Lab",FALSE,NA,"lucianaberger",8
"Nicola BLACKWOOD","Oxford West and Abingdon",2010-05-06,2017-05-03,"Con",FALSE,NA,"nicolablackwood",10
"Karen BRADLEY","Staffordshire Moorlands",2010-05-06,2020-01-01,"Con",FALSE,NA,"karenbradley",11
"Angie BRAY","Ealing Central and Acton",2010-05-06,2015-03-30,"Con",FALSE,NA,"angiebray",12
"Fiona BRUCE","Congleton",2010-05-06,2020-01-01,"Con",FALSE,NA,"fionabruce",13
"Mrs Jenny CHAPMAN","Darlington",2010-05-06,2020-01-01,"Lab",FALSE,NA,"jennychapman",16
"Dr Thérèse COFFEY","Suffolk Coastal",2010-05-06,2020-01-01,"Con",FALSE,NA,"theresecoffey",18
"Stella CREASY","Walthamstow",2010-05-06,2020-01-01,"Lab",FALSE,NA,"stellacreasy",19
"Tracey CROUCH","Chatham and Aylesford",2010-05-06,2020-01-01,"Con",FALSE,NA,"traceycrouch",21
"Margaret CURRAN","Glasgow East",2010-05-06,2015-03-30,"Lab",FALSE,NA,"margaretcurran",27
"Gloria DE PIERO","Ashfield",2010-05-06,2020-01-01,"Lab",FALSE,NA,"gloriadepiero",31
"Caroline DINENAGE","Gosport",2010-05-06,2020-01-01,"Con",FALSE,NA,"carolinedinenage",33
"Gemma DOYLE","West Dunbartonshire",2010-05-06,2015-03-30,"Lab",FALSE,NA,"gemmadoyle",37
"Jackie DOYLE-PRICE","Thurrock",2010-05-06,2020-01-01,"Con",FALSE,NA,"jackiedoyleprice",38
"Julie ELLIOTT","Sunderland Central",2010-05-06,2020-01-01,"Lab",FALSE,NA,"julieelliott",40
"Jane ELLISON","Battersea",2010-05-06,2017-05-03,"Con",FALSE,NA,"janeellison",48
"Yvonne FOVARGUE","Makerfield",2010-05-06,2020-01-01,"Lab",FALSE,NA,"yvonnefovargue",50
"Lorraine FULLBROOK","South Ribble",2010-05-06,2015-03-30,"Con",FALSE,NA,"lorrainefullbrook",51
"Sheila GILMORE","Edinburgh East",2010-05-06,2015-03-30,"Lab",FALSE,NA,"sheilagilmore",52
"Pat GLASS","North West Durham",2010-05-06,2017-05-03,"Lab",FALSE,NA,"patglass",56
"Mrs Mary GLINDON","North Tyneside",2010-05-06,2020-01-01,"Lab",FALSE,NA,"maryglindon",58
"Mrs Helen GRANT","Maidstone and The Weald",2010-05-06,2020-01-01,"Con",FALSE,NA,"helengrant",59
"Kate GREEN","Stretford and Urmston",2010-05-06,2020-01-01,"Lab",FALSE,NA,"kategreen",60
"Lilian GREENWOOD","Nottingham South",2010-05-06,2020-01-01,"Lab",FALSE,NA,"liliangreenwood",62
"Rebecca HARRIS","Castle Point",2010-05-06,2020-01-01,"Con",FALSE,NA,"rebeccaharris",63
"Julie HILLING","Bolton West",2010-05-06,2015-03-30,"Lab",FALSE,NA,"juliehilling",64
"Margot JAMES","Stourbridge",2010-05-06,2020-01-01,"Con",FALSE,NA,"margotjames",66
"Cathy JAMIESON","Kilmarnock and Loudoun",2010-05-06,2015-03-30,"Lab",FALSE,NA,"cathyjamieson",67
"Susan Elan JONES","Clwyd South",2010-05-06,2020-01-01,"Lab",FALSE,NA,"susanelanjones",68
"Liz KENDALL","Leicester West",2010-05-06,2020-01-01,"Lab",FALSE,NA,"lizkendall",69
"Pauline LATHAM","Mid Derbyshire",2010-05-06,2020-01-01,"Con",FALSE,NA,"paulinelatham",70
"Andrea LEADSOM","South Northamptonshire",2010-05-06,2020-01-01,"Con",FALSE,NA,"andrealeadsom",72
"Jessica LEE","Erewash",2010-05-06,2015-03-30,"Con",FALSE,NA,"jessicalee",73
"Charlotte LESLIE","Bristol North West",2010-05-06,2017-05-03,"Con",FALSE,NA,"charlotteleslie",74
"Naomi LONG","Belfast East",2010-05-06,2015-03-30,"Alliance",FALSE,NA,"naomilong",75
"Caroline LUCAS","Brighton, Pavilion",2010-05-06,2020-01-01,"Green",FALSE,NA,"carolinelucas",78
"Karen LUMLEY","Redditch",2010-05-06,2017-05-03,"Con",FALSE,NA,"karenlumley",82
"Mary MACLEOD","Brentford and Isleworth",2010-05-06,2015-03-30,"Con",FALSE,NA,"marymacleod",84
"Shabana MAHMOOD","Birmingham, Ladywood",2010-05-06,2020-01-01,"Lab",FALSE,NA,"shabanamahmood",87
"Alison MCGOVERN","Wirral South",2010-05-06,2020-01-01,"Lab",FALSE,NA,"alisonmcgovern",88
"Catherine MCKINNELL","Newcastle upon Tyne North",2010-05-06,2020-01-01,"Lab",FALSE,NA,"catherinemckinnell",90
"Rt Hon Esther MCVEY","Wirral West",2010-05-06,2015-05-07,"Con",FALSE,NA,"esthermcvey",91
"Penny MORDAUNT","Portsmouth North",2010-05-06,2020-01-01,"Con",FALSE,NA,"pennymordaunt",92
"Rt Hon Nicky MORGAN","Loughborough",2010-05-06,2020-01-01,"Con",FALSE,NA,"nickymorgan",93
"Anne Marie MORRIS","Newton Abbot",2010-05-06,2020-01-01,"Con",FALSE,NA,"annemariemorris",94
"Tessa MUNT","Wells",2010-05-06,2015-03-30,"LD",FALSE,NA,"tessamunt",97
"Sheryll MURRAY","South East Cornwall",2010-05-06,2020-01-01,"Con",FALSE,NA,"sheryllmurray",98
"Lisa NANDY","Wigan",2010-05-06,2020-01-01,"Lab",FALSE,NA,"lisanandy",99
"Pamela NASH","Airdrie and Shotts",2010-05-06,2015-03-30,"Lab",FALSE,NA,"pamelanash",100
"Sarah NEWTON","Truro and Falmouth",2010-05-06,2020-01-01,"Con",FALSE,NA,"sarahnewton",101
"Caroline NOKES","Romsey and Southampton North",2010-05-06,2020-01-01,"Con",FALSE,NA,"carolinenokes",102
"Fiona O’DONNELL","East Lothian",2010-05-06,2015-03-30,"Lab",FALSE,NA,"fionaodonnell",103
"Chi ONWURAH","Newcastle upon Tyne Central",2010-05-06,2020-01-01,"Lab",FALSE,NA,"chionwurah",104
"Priti PATEL","Witham",2010-05-06,2020-01-01,"Con",FALSE,NA,"pritipatel",106
"Teresa PEARCE","Erith and Thamesmead",2010-05-06,2020-01-01,"Lab",FALSE,NA,"teresapearce",108
"Claire PERRY","Devizes",2010-05-06,2020-01-01,"Con",FALSE,NA,"claireperry",109
"Bridget PHILLIPSON","Houghton and Sunderland South",2010-05-06,2020-01-01,"Lab",FALSE,NA,"bridgetphillipson",110
"Yasmin QURESHI","Bolton South East",2010-05-06,2020-01-01,"Lab",FALSE,NA,"yasminqureshi",111
"Rachel REEVES","Leeds West",2010-05-06,2020-01-01,"Lab",FALSE,NA,"rachelreeves",115
"Emma REYNOLDS","Wolverhampton North East",2010-05-06,2020-01-01,"Lab",FALSE,NA,"emmareynolds",116
"Ms Margaret RITCHIE","South Down",2010-05-06,2017-05-03,"SDLP",FALSE,NA,"margaretritchie",117
"Amber RUDD","Hastings and Rye",2010-05-06,2020-01-01,"Con",FALSE,NA,"amberrudd",119
"Laura SANDYS","South Thanet",2010-05-06,2015-03-30,"Con",FALSE,NA,"laurasandys",121
"Anna SOUBRY","Broxtowe",2010-05-06,2020-01-01,"Con",FALSE,NA,"annasoubry",123
"Rt Hon Elizabeth TRUSS","South West Norfolk",2010-05-06,2020-01-01,"Con",FALSE,NA,"elizabethtruss",125
"Valerie VAZ","Walsall South",2010-05-06,2020-01-01,"Lab",FALSE,NA,"valerievaz",126
"Heather WHEELER","South Derbyshire",2010-05-06,2020-01-01,"Con",FALSE,NA,"heatherwheeler",129
"Dr Eilidh WHITEFORD","Banff and Buchan",2010-05-06,2017-05-03,"SNP",FALSE,NA,"eilidhwhiteford",130
"Dr Sarah WOLLASTON","Totnes",2010-05-06,2020-01-01,"Con",FALSE,NA,"sarahwollaston",131
"Ms Glenda JACKSON","Hampstead and Kilburn",2010-05-06,2015-03-30,"Lab",FALSE,NA,"glendajackson",132
"Rt Hon Hazel BLEARS","Salford and Eccles",2010-05-06,2015-03-30,"Lab",FALSE,NA,"hazelblears",133
"Ms Karen BUCK","Westminster North",2010-05-06,2020-01-01,"Lab",FALSE,NA,"karenbuck",134
"Rt Hon Yvette COOPER","Normanton, Pontefract and Castleford",2010-05-06,2020-01-01,"Lab",FALSE,NA,"yvettecooper",135
"Maria EAGLE","Garston and Halewood",2010-05-06,2020-01-01,"Lab",FALSE,NA,"mariaeagle",136
"Anne McINTOSH","Thirsk And Malton",2010-05-06,2015-05-07,"Con",FALSE,NA,"annemcintosh",137
"Angela WATKINSON","Hornchurch and Upminster",2010-05-06,2017-05-03,"Con",FALSE,NA,"angelawatkinson",138
"Sarah TEATHER","Brent Central",2010-05-06,2015-03-30,"LD",FALSE,NA,"sarahteather",139
"Sharon HODGSON","Washington and Sunderland West",2010-05-06,2020-01-01,"Lab",FALSE,NA,"sharonhodgson",140
"Barbara KEELEY","Worsley and Eccles South",2010-05-06,2020-01-01,"Lab",FALSE,NA,"barbarakeeley",141
"Alison SEABECK","Plymouth, Moor View",2010-05-06,2015-03-30,"Lab",FALSE,NA,"alisonseabeck",142
"Angela C SMITH","Penistone and Stocksbridge",2010-05-06,2020-01-01,"Lab",FALSE,NA,"angelacsmith",143
"Debbie ABRAHAMS","Oldham East and Saddleworth",2011-01-13,2020-01-01,"Lab",TRUE,NA,"debbieabrahams",144
"Seema MALHOTRA","Feltham and Heston",2011-12-15,2020-01-01,"Lab",TRUE,NA,"seemamalhotra",145
"Lucy POWELL","Manchester Central",2012-11-15,2020-01-01,"Lab",TRUE,NA,"lucypowell",4
"Sarah CHAMPION","Rotherham",2012-11-29,2020-01-01,"Lab",TRUE,NA,"sarahchampion",146
"Emma LEWELL-BUCK","South Shields",2013-05-02,2020-01-01,"Lab",TRUE,NA,"emmalewellbuck",147
"Liz MCINNES","Heywood and Middleton",2014-10-09,2020-01-01,"Lab",TRUE,NA,"lizmcinnes",148
"Tasmina AHMED-SHEIKH","Ochil and South Perthshire",2015-05-07,2017-05-03,"SNP",FALSE,NA,"tasminaahmedsheikh",6
"Lucy ALLAN","Telford",2015-05-07,2020-01-01,"Con",FALSE,NA,"lucyallan",9
"Heidi ALLEN","South Cambridgeshire",2015-05-07,2020-01-01,"Con",FALSE,NA,"heidiallen",12
"Caroline ANSELL","Eastbourne",2015-05-07,2017-05-03,"Con",FALSE,NA,"carolineansell",20
"Victoria ATKINS","Louth and Horncastle",2015-05-07,2020-01-01,"Con",FALSE,NA,"victoriaatkins",22
"Hannah BARDELL","Livingston",2015-05-07,2020-01-01,"SNP",FALSE,NA,"hannahbardell",26
"Mhairi BLACK","Paisley and Renfrewshire South",2015-05-07,2020-01-01,"SNP",FALSE,NA,"mhairiblack",27
"Kirsty BLACKMAN","Aberdeen North",2015-05-07,2020-01-01,"SNP",FALSE,NA,"kirstyblackman",32
"Victoria BORWICK","Kensington",2015-05-07,2017-05-03,"Con",FALSE,NA,"victoriaborwick",34
"Deidre BROCK","Edinburgh North and Leith",2015-05-07,2020-01-01,"SNP",FALSE,NA,"deidrebrock",35
"Ruth CADBURY","Brentford and Isleworth",2015-05-07,2020-01-01,"Lab",FALSE,NA,"ruthcadbury",36
"Lisa CAMERON","East Kilbride, Strathaven and Lesmahagow",2015-05-07,2020-01-01,"SNP",FALSE,NA,"lisacameron",37
"Maria CAULFIELD","Lewes",2015-05-07,2020-01-01,"Con",FALSE,NA,"mariacaulfield",39
"Joanna CHERRY","Edinburgh South West",2015-05-07,2020-01-01,"SNP",FALSE,NA,"joannacherry",51
"Jo CHURCHILL","Bury St Edmunds",2015-05-07,2020-01-01,"Con",FALSE,NA,"jochurchill",52
"Julie COOPER","Burnley",2015-05-07,2020-01-01,"Lab",FALSE,NA,"juliecooper",54
"Jo COX","Batley and Spen",2015-05-07,2016-06-16,"Lab",FALSE,NA,"jocox",64
"Angela CRAWLEY","Lanark and Hamilton East",2015-05-07,2020-01-01,"SNP",FALSE,NA,"angelacrawley",67
"Judith CUMMINS","Bradford South",2015-05-07,2020-01-01,"Lab",FALSE,NA,"judithcummins",73
"Mims DAVIES","Eastleigh",2015-05-07,2020-01-01,"Con",FALSE,NA,"mimsdavies",75
"Thangam DEBBONAIRE","Bristol West",2015-05-07,2020-01-01,"Lab",FALSE,NA,"thangamdebbonaire",84
"Michelle DONELAN","Chippenham",2015-05-07,2020-01-01,"Con",FALSE,NA,"michelledonelan",86
"Flick DRUMMOND","Portsmouth South",2015-05-07,2017-05-03,"Con",FALSE,NA,"flickdrummond",91
"Marion FELLOWS","Motherwell and Wishaw",2015-05-07,2020-01-01,"SNP",FALSE,NA,"marionfellows",96
"Suella FERNANDES","Fareham",2015-05-07,2020-01-01,"Con",FALSE,NA,"suellafernandes",97
"Margaret FERRIER","Rutherglen and Hamilton West",2015-05-07,2017-05-03,"SNP",FALSE,NA,"margaretferrier",100
"Colleen FLETCHER","Coventry North East",2015-05-07,2020-01-01,"Lab",FALSE,NA,"colleenfletcher",103
"Vicky FOXCROFT","Lewisham, Deptford",2015-05-07,2020-01-01,"Lab",FALSE,NA,"vickyfoxcroft",114
"Lucy FRAZER","South East Cambridgeshire",2015-05-07,2020-01-01,"Con",FALSE,NA,"lucyfrazer",118
"Nusrat GHANI","Wealden",2015-05-07,2020-01-01,"Con",FALSE,NA,"nusratghani",121
"Patricia GIBSON","North Ayrshire and Arran",2015-05-07,2020-01-01,"SNP",FALSE,NA,"patriciagibson",124
"Margaret GREENWOOD","Wirral West",2015-05-07,2020-01-01,"Lab",FALSE,NA,"margaretgreenwood",127
"Louise HAIGH","Sheffield, Heeley",2015-05-07,2020-01-01,"Lab",FALSE,NA,"louisehaigh",128
"Carolyn HARRIS","Swansea East",2015-05-07,2020-01-01,"Lab",FALSE,NA,"carolynharris",132
"Helen HAYES","Dulwich and West Norwood",2015-05-07,2020-01-01,"Lab",FALSE,NA,"helenhayes",133
"Sue HAYMAN","Workington",2015-05-07,2020-01-01,"Lab",FALSE,NA,"suehayman",137
"Kate HOLLERN","Blackburn",2015-05-07,2020-01-01,"Lab",FALSE,NA,"katehollern",139
"Rupa HUQ","Ealing Central and Acton",2015-05-07,2020-01-01,"Lab",FALSE,NA,"rupahuq",142
"Andrea  JENKYNS","Morley and Outwood",2015-05-07,2020-01-01,"Con",FALSE,NA,"andreajenkyns",149
"Seema KENNEDY","South Ribble",2015-05-07,2020-01-01,"Con",FALSE,NA,"seemakennedy",150
"Rebecca LONG BAILEY","Salford and Eccles",2015-05-07,2020-01-01,"Lab",FALSE,NA,"rebeccalongbailey",151
"Holly LYNCH","Halifax",2015-05-07,2020-01-01,"Lab",FALSE,NA,"hollylynch",152
"Rachael MASKELL","York Central",2015-05-07,2020-01-01,"Lab",FALSE,NA,"rachaelmaskell",153
"Tania MATHIAS","Twickenham",2015-05-07,2017-05-03,"Con",FALSE,NA,"taniamathias",154
"Natalie McGARRY","Glasgow East",2015-05-07,2017-05-03,"SNP",FALSE,NA,"nataliemcgarry",155
"Anne McLAUGHLIN","Glasgow North East",2015-05-07,2017-05-03,"SNP",FALSE,NA,"annemclaughlin",156
"Amanda MILLING","Cannock Chase",2015-05-07,2020-01-01,"Con",FALSE,NA,"amandamilling",157
"Carol MONAGHAN","Glasgow North West",2015-05-07,2020-01-01,"SNP",FALSE,NA,"carolmonaghan",158
"Wendy MORTON","Aldridge-Brownhills",2015-05-07,2020-01-01,"Con",FALSE,NA,"wendymorton",159
"Melanie ONN","Great Grimsby",2015-05-07,2020-01-01,"Lab",FALSE,NA,"melanieonn",160
"Kate OSAMOR","Edmonton",2015-05-07,2020-01-01,"Lab",FALSE,NA,"kateosamor",161
"Kirsten OSWALD","East Renfrewshire",2015-05-07,2017-05-03,"SNP",FALSE,NA,"kirstenoswald",162
"Jess PHILLIPS","Birmingham, Yardley",2015-05-07,2020-01-01,"Lab",FALSE,NA,"jessphillips",163
"Rebecca POW","Taunton Deane",2015-05-07,2020-01-01,"Con",FALSE,NA,"rebeccapow",164
"Victoria PRENTIS","Banbury",2015-05-07,2020-01-01,"Con",FALSE,NA,"victoriaprentis",165
"Angela RAYNER","Ashton-Under-Lyne",2015-05-07,2020-01-01,"Lab",FALSE,NA,"angelarayner",166
"Christina REES","Neath",2015-05-07,2020-01-01,"Lab",FALSE,NA,"christinarees",167
"Marie RIMMER","St Helens South and Whiston",2015-05-07,2020-01-01,"Lab",FALSE,NA,"marierimmer",168
"Mary ROBINSON","Cheadle",2015-05-07,2020-01-01,"Con",FALSE,NA,"maryrobinson",169
"Antoinette SANDBACH","Eddisbury",2015-05-07,2020-01-01,"Con",FALSE,NA,"antoinettesandbach",170
"Liz SAVILLE-ROBERTS","Dwyfor Meirionnydd",2015-05-07,2020-01-01,"PC",FALSE,NA,"lizsavilleroberts",171
"Naz SHAH","Bradford West",2015-05-07,2020-01-01,"Lab",FALSE,NA,"nazshah",172
"Paula SHERRIFF","Dewsbury",2015-05-07,2020-01-01,"Lab",FALSE,NA,"paulasherriff",173
"Tulip SIDDIQ","Hampstead and Kilburn",2015-05-07,2020-01-01,"Lab",FALSE,NA,"tulipsiddiq",174
"Ruth SMEETH","Stoke-On-Trent North",2015-05-07,2020-01-01,"Lab",FALSE,NA,"ruthsmeeth",175
"Cat SMITH","Lancaster and Fleetwood",2015-05-07,2020-01-01,"Lab",FALSE,NA,"catsmith",176
"Karin SMYTH","Bristol South",2015-05-07,2020-01-01,"Lab",FALSE,NA,"karinsmyth",177
"Amanda SOLLOWAY","Derby North",2015-05-07,2017-05-03,"Con",FALSE,NA,"amandasolloway",178
"Jo STEVENS","Cardiff Central",2015-05-07,2020-01-01,"Lab",FALSE,NA,"jostevens",179
"Alison THEWLISS","Glasgow Central",2015-05-07,2020-01-01,"SNP",FALSE,NA,"alisonthewliss",180
"Michelle THOMSON","Edinburgh West",2015-05-07,2017-05-03,"SNP",FALSE,NA,"michellethomson",181
"Maggie THROUP","Erewash",2015-05-07,2020-01-01,"Con",FALSE,NA,"maggiethroup",182
"Kelly TOLHURST","Rochester and Strood",2015-05-07,2020-01-01,"Con",FALSE,NA,"kellytolhurst",183
"Anne-Marie TREVELYAN","Berwick-Upon-Tweed",2015-05-07,2020-01-01,"Con",FALSE,NA,"annemarietrevelyan",184
"Anna TURLEY","Redcar",2015-05-07,2020-01-01,"Lab",FALSE,NA,"annaturley",185
"Catherine WEST","Hornsey and Wood Green",2015-05-07,2020-01-01,"Lab",FALSE,NA,"catherinewest",186
"Helen WHATELY","Faversham and Mid Kent",2015-05-07,2020-01-01,"Con",FALSE,NA,"helenwhately",187
"Philippa WHITFORD","Central Ayrshire",2015-05-07,2020-01-01,"SNP",FALSE,NA,"philippawhitford",188
"Corri WILSON","Ayr, Carrick and Cumnock",2015-05-07,2017-05-03,"SNP",FALSE,NA,"corriwilson",189
"Joan RYAN","Enfield North",2015-05-07,2020-01-01,"Lab",FALSE,NA,"joanryan",190
"Dawn BUTLER","Brent Central",2015-05-07,2020-01-01,"Lab",FALSE,NA,"dawnbutler",191
"Gill FURNISS","Sheffield, Brightside and Hillsborough",2016-05-05,2020-01-01,"Lab",TRUE,NA,"gillfurniss",192
"Dr Rosena ALLIN-KHAN","Tooting",2016-06-16,2020-01-01,"Lab",TRUE,NA,"rosenaallinkhan",64
"Tracy BRABIN","Batley and Spen",2016-10-20,2020-01-01,"Lab",TRUE,NA,"tracybrabin",193
"Sarah OLNEY","Richmond Park",2016-12-01,2017-05-03,"LD",TRUE,NA,"saraholney",194
"Caroline JOHNSON","Sleaford and North Hykeham",2016-12-08,2020-01-01,"Con",TRUE,NA,"carolinejohnson",195
"Trudy HARRISON","Copeland",2017-02-23,2020-01-01,"Con",TRUE,NA,"trudyharrison",196
"Kirstene HAIR","Angus",2017-06-08,2020-01-01,"Con",FALSE,NA,"kirstenehair",6
"Stephanie PEACOCK","Barnsley East",2017-06-08,2020-01-01,"Lab",FALSE,NA,"stephaniepeacock",10
"Wera HOBHOUSE","Bath",2017-06-08,2020-01-01,"LD",FALSE,NA,"werahobhouse",20
"Marsha DE CORDOVA","Battersea",2017-06-08,2020-01-01,"Lab",FALSE,NA,"marshadecordova",30
"Emma LITTLE-PENGELLY","Belfast South",2017-06-08,2020-01-01,"DUP",FALSE,NA,"emmalittlepengelly",34
"Preet GILL","Birmingham, Edgbaston",2017-06-08,2020-01-01,"Lab",FALSE,NA,"preetgill",48
"Liz TWIST","Blaydon",2017-06-08,2020-01-01,"Lab",FALSE,NA,"liztwist",56
"Rosie DUFFIELD","Canterbury",2017-06-08,2020-01-01,"Lab",FALSE,NA,"rosieduffield",74
"Anna McMORRIN","Cardiff North",2017-06-08,2020-01-01,"Lab",FALSE,NA,"annamcmorrin",81
"Vicky FORD","Chelmsford",2017-06-08,2020-01-01,"Con",FALSE,NA,"vickyford",82
"Gillian KEEGAN","Chichester",2017-06-08,2020-01-01,"Con",FALSE,NA,"gilliankeegan",91
"Thelma WALKER","Colne Valley",2017-06-08,2020-01-01,"Lab",FALSE,NA,"thelmawalker",100
"Laura SMITH","Crewe and Nantwich",2017-06-08,2020-01-01,"Lab",FALSE,NA,"laurasmith",107
"Sarah JONES","Croydon Central",2017-06-08,2020-01-01,"Lab",FALSE,NA,"sarahjones",117
"Christine JARDINE","Edinburgh West",2017-06-08,2020-01-01,"LD",FALSE,NA,"christinejardine",130
"Elisha McCALLION","Foyle",2017-06-08,2020-01-01,"SF",FALSE,NA,"elishamccallion",138
"Tonia ANTONIAZZI","Gower",2017-06-08,2020-01-01,"Lab",FALSE,NA,"toniaantoniazzi",154
"Ruth GEORGE","High Peak",2017-06-08,2020-01-01,"Lab",FALSE,NA,"ruthgeorge",155
"Julia DOCKERILL","Hornchurch and Upminster",2017-06-08,2020-01-01,"Con",FALSE,NA,"juliadockerill",156
"Emma DENT COAD","Kensington",2017-06-08,2020-01-01,"Lab",FALSE,NA,"emmadentcoad",162
"Emma HARDY","Kingston upon Hull West and Hessle",2017-06-08,2020-01-01,"Lab",FALSE,NA,"emmahardy",178
"Lesley LAIRD","Kirkcaldy and Cowdenbeath",2017-06-08,2020-01-01,"Lab",FALSE,NA,"lesleylaird",181
"Jo PLATT","Leigh",2017-06-08,2020-01-01,"Lab",FALSE,NA,"joplatt",189
"Ellie REEVES","Lewisham West and Penge",2017-06-08,2020-01-01,"Lab",FALSE,NA,"elliereeves",194
"Karen LEE","Lincoln",2017-06-08,2020-01-01,"Lab",FALSE,NA,"karenlee",197
"Laura PIDCOCK","North West Durham",2017-06-08,2020-01-01,"Lab",FALSE,NA,"laurapidcock",198
"Anneliese DODDS","Oxford East",2017-06-08,2020-01-01,"Lab",FALSE,NA,"anneliesedodds",199
"Layla MORAN","Oxford West and Abingdon",2017-06-08,2020-01-01,"LD",FALSE,NA,"laylamoran",200
"Fiona ONASANYA","Peterborough",2017-06-08,2020-01-01,"Lab",FALSE,NA,"fionaonasanya",201
"Rachel MACLEAN","Redditch",2017-06-08,2020-01-01,"Con",FALSE,NA,"rachelmaclean",202
"Kemi BADENOCH","Saffron Walden",2017-06-08,2020-01-01,"Con",FALSE,NA,"kemibadenoch",203
"Eleanor SMITH","Wolverhampton South West",2017-06-08,2020-01-01,"Lab",FALSE,NA,"eleanorsmith",204
"Danielle ROWLEY","Midlothian",2017-06-08,2020-01-01,"Lab",FALSE,NA,"daniellerowley",205
"Michelle GILDERNEW","Fermanagh & South Tyrone",2017-06-08,2020-01-01,"SF",FALSE,"Did not take seat","michellegildernew",206
"Jo SWINSON","East Dunbartonshire",2017-06-08,2020-01-01,"LD",FALSE,NA,"joswinson",207
"Rt Hon Esther MCVEY","Tatton",2017-06-08,2020-01-01,"Con",FALSE,NA,"esthermcvey",208
